-- MySQL dump 10.13  Distrib 5.7.24, for Win64 (x86_64)
--
-- Host: 127.0.0.1    Database: yovente
-- ------------------------------------------------------
-- Server version	5.7.24

/*!40101 SET @OLD_CHARACTER_SET_CLIENT=@@CHARACTER_SET_CLIENT */;
/*!40101 SET @OLD_CHARACTER_SET_RESULTS=@@CHARACTER_SET_RESULTS */;
/*!40101 SET @OLD_COLLATION_CONNECTION=@@COLLATION_CONNECTION */;
/*!40101 SET NAMES utf8 */;
/*!40103 SET @OLD_TIME_ZONE=@@TIME_ZONE */;
/*!40103 SET TIME_ZONE='+00:00' */;
/*!40014 SET @OLD_UNIQUE_CHECKS=@@UNIQUE_CHECKS, UNIQUE_CHECKS=0 */;
/*!40014 SET @OLD_FOREIGN_KEY_CHECKS=@@FOREIGN_KEY_CHECKS, FOREIGN_KEY_CHECKS=0 */;
/*!40101 SET @OLD_SQL_MODE=@@SQL_MODE, SQL_MODE='NO_AUTO_VALUE_ON_ZERO' */;
/*!40111 SET @OLD_SQL_NOTES=@@SQL_NOTES, SQL_NOTES=0 */;

--
-- Table structure for table `accounts`
--

DROP TABLE IF EXISTS `accounts`;
/*!40101 SET @saved_cs_client     = @@character_set_client */;
/*!40101 SET character_set_client = utf8 */;
CREATE TABLE `accounts` (
  `id` int(10) unsigned NOT NULL AUTO_INCREMENT,
  `account_no` varchar(191) COLLATE utf8mb4_unicode_ci NOT NULL,
  `name` varchar(191) COLLATE utf8mb4_unicode_ci NOT NULL,
  `initial_balance` double DEFAULT NULL,
  `total_balance` double NOT NULL,
  `note` text COLLATE utf8mb4_unicode_ci,
  `is_default` tinyint(1) DEFAULT NULL,
  `is_active` tinyint(1) NOT NULL,
  `created_at` timestamp NULL DEFAULT NULL,
  `updated_at` timestamp NULL DEFAULT NULL,
  PRIMARY KEY (`id`)
) ENGINE=InnoDB AUTO_INCREMENT=4 DEFAULT CHARSET=utf8mb4 COLLATE=utf8mb4_unicode_ci;
/*!40101 SET character_set_client = @saved_cs_client */;

--
-- Dumping data for table `accounts`
--

LOCK TABLES `accounts` WRITE;
/*!40000 ALTER TABLE `accounts` DISABLE KEYS */;
INSERT INTO `accounts` VALUES (1,'Account-1','Comptabilité 1',NULL,0,'Fond de caisse initial',1,1,'2018-12-18 02:58:02','2022-01-06 15:27:31'),(3,'21211','Sa',NULL,0,NULL,0,0,'2018-12-18 02:58:56','2022-01-03 16:36:31');
/*!40000 ALTER TABLE `accounts` ENABLE KEYS */;
UNLOCK TABLES;

--
-- Table structure for table `adjustments`
--

DROP TABLE IF EXISTS `adjustments`;
/*!40101 SET @saved_cs_client     = @@character_set_client */;
/*!40101 SET character_set_client = utf8 */;
CREATE TABLE `adjustments` (
  `id` int(10) unsigned NOT NULL AUTO_INCREMENT,
  `reference_no` varchar(191) COLLATE utf8mb4_unicode_ci NOT NULL,
  `warehouse_id` int(11) NOT NULL,
  `document` varchar(191) COLLATE utf8mb4_unicode_ci DEFAULT NULL,
  `total_qty` double NOT NULL,
  `item` int(11) NOT NULL,
  `note` text COLLATE utf8mb4_unicode_ci,
  `created_at` timestamp NULL DEFAULT NULL,
  `updated_at` timestamp NULL DEFAULT NULL,
  PRIMARY KEY (`id`)
) ENGINE=InnoDB DEFAULT CHARSET=utf8mb4 COLLATE=utf8mb4_unicode_ci;
/*!40101 SET character_set_client = @saved_cs_client */;

--
-- Dumping data for table `adjustments`
--

LOCK TABLES `adjustments` WRITE;
/*!40000 ALTER TABLE `adjustments` DISABLE KEYS */;
/*!40000 ALTER TABLE `adjustments` ENABLE KEYS */;
UNLOCK TABLES;

--
-- Table structure for table `attendances`
--

DROP TABLE IF EXISTS `attendances`;
/*!40101 SET @saved_cs_client     = @@character_set_client */;
/*!40101 SET character_set_client = utf8 */;
CREATE TABLE `attendances` (
  `id` int(10) unsigned NOT NULL AUTO_INCREMENT,
  `date` date NOT NULL,
  `employee_id` int(11) NOT NULL,
  `user_id` int(11) NOT NULL,
  `checkin` varchar(191) COLLATE utf8mb4_unicode_ci NOT NULL,
  `checkout` varchar(191) COLLATE utf8mb4_unicode_ci NOT NULL,
  `status` int(11) NOT NULL,
  `note` text COLLATE utf8mb4_unicode_ci,
  `created_at` timestamp NULL DEFAULT NULL,
  `updated_at` timestamp NULL DEFAULT NULL,
  PRIMARY KEY (`id`)
) ENGINE=InnoDB DEFAULT CHARSET=utf8mb4 COLLATE=utf8mb4_unicode_ci;
/*!40101 SET character_set_client = @saved_cs_client */;

--
-- Dumping data for table `attendances`
--

LOCK TABLES `attendances` WRITE;
/*!40000 ALTER TABLE `attendances` DISABLE KEYS */;
/*!40000 ALTER TABLE `attendances` ENABLE KEYS */;
UNLOCK TABLES;

--
-- Table structure for table `billers`
--

DROP TABLE IF EXISTS `billers`;
/*!40101 SET @saved_cs_client     = @@character_set_client */;
/*!40101 SET character_set_client = utf8 */;
CREATE TABLE `billers` (
  `id` int(10) unsigned NOT NULL AUTO_INCREMENT,
  `name` varchar(191) COLLATE utf8mb4_unicode_ci NOT NULL,
  `image` varchar(191) COLLATE utf8mb4_unicode_ci DEFAULT NULL,
  `company_name` varchar(191) COLLATE utf8mb4_unicode_ci NOT NULL,
  `vat_number` varchar(191) COLLATE utf8mb4_unicode_ci DEFAULT NULL,
  `email` varchar(191) COLLATE utf8mb4_unicode_ci NOT NULL,
  `phone_number` varchar(191) COLLATE utf8mb4_unicode_ci NOT NULL,
  `address` varchar(191) COLLATE utf8mb4_unicode_ci NOT NULL,
  `city` varchar(191) COLLATE utf8mb4_unicode_ci NOT NULL,
  `state` varchar(191) COLLATE utf8mb4_unicode_ci DEFAULT NULL,
  `postal_code` varchar(191) COLLATE utf8mb4_unicode_ci DEFAULT NULL,
  `country` varchar(191) COLLATE utf8mb4_unicode_ci DEFAULT NULL,
  `is_active` tinyint(1) DEFAULT NULL,
  `created_at` timestamp NULL DEFAULT NULL,
  `updated_at` timestamp NULL DEFAULT NULL,
  PRIMARY KEY (`id`)
) ENGINE=InnoDB DEFAULT CHARSET=utf8mb4 COLLATE=utf8mb4_unicode_ci;
/*!40101 SET character_set_client = @saved_cs_client */;

--
-- Dumping data for table `billers`
--

LOCK TABLES `billers` WRITE;
/*!40000 ALTER TABLE `billers` DISABLE KEYS */;
/*!40000 ALTER TABLE `billers` ENABLE KEYS */;
UNLOCK TABLES;

--
-- Table structure for table `brands`
--

DROP TABLE IF EXISTS `brands`;
/*!40101 SET @saved_cs_client     = @@character_set_client */;
/*!40101 SET character_set_client = utf8 */;
CREATE TABLE `brands` (
  `id` int(10) unsigned NOT NULL AUTO_INCREMENT,
  `title` varchar(191) COLLATE utf8mb4_unicode_ci NOT NULL,
  `image` varchar(191) COLLATE utf8mb4_unicode_ci DEFAULT NULL,
  `is_active` tinyint(1) DEFAULT NULL,
  `created_at` timestamp NULL DEFAULT NULL,
  `updated_at` timestamp NULL DEFAULT NULL,
  PRIMARY KEY (`id`)
) ENGINE=InnoDB DEFAULT CHARSET=utf8mb4 COLLATE=utf8mb4_unicode_ci;
/*!40101 SET character_set_client = @saved_cs_client */;

--
-- Dumping data for table `brands`
--

LOCK TABLES `brands` WRITE;
/*!40000 ALTER TABLE `brands` DISABLE KEYS */;
/*!40000 ALTER TABLE `brands` ENABLE KEYS */;
UNLOCK TABLES;

--
-- Table structure for table `cash_registers`
--

DROP TABLE IF EXISTS `cash_registers`;
/*!40101 SET @saved_cs_client     = @@character_set_client */;
/*!40101 SET character_set_client = utf8 */;
CREATE TABLE `cash_registers` (
  `id` int(10) unsigned NOT NULL AUTO_INCREMENT,
  `cash_in_hand` double NOT NULL,
  `user_id` int(11) NOT NULL,
  `warehouse_id` int(11) NOT NULL,
  `status` tinyint(1) NOT NULL,
  `created_at` timestamp NULL DEFAULT NULL,
  `updated_at` timestamp NULL DEFAULT NULL,
  PRIMARY KEY (`id`)
) ENGINE=InnoDB DEFAULT CHARSET=utf8mb4 COLLATE=utf8mb4_unicode_ci;
/*!40101 SET character_set_client = @saved_cs_client */;

--
-- Dumping data for table `cash_registers`
--

LOCK TABLES `cash_registers` WRITE;
/*!40000 ALTER TABLE `cash_registers` DISABLE KEYS */;
/*!40000 ALTER TABLE `cash_registers` ENABLE KEYS */;
UNLOCK TABLES;

--
-- Table structure for table `cat_tickets`
--

DROP TABLE IF EXISTS `cat_tickets`;
/*!40101 SET @saved_cs_client     = @@character_set_client */;
/*!40101 SET character_set_client = utf8 */;
CREATE TABLE `cat_tickets` (
  `id` int(10) unsigned NOT NULL AUTO_INCREMENT,
  `name` varchar(191) COLLATE utf8mb4_unicode_ci NOT NULL,
  `created_at` timestamp NULL DEFAULT NULL,
  `updated_at` timestamp NULL DEFAULT NULL,
  PRIMARY KEY (`id`)
) ENGINE=InnoDB AUTO_INCREMENT=3 DEFAULT CHARSET=utf8mb4 COLLATE=utf8mb4_unicode_ci;
/*!40101 SET character_set_client = @saved_cs_client */;

--
-- Dumping data for table `cat_tickets`
--

LOCK TABLES `cat_tickets` WRITE;
/*!40000 ALTER TABLE `cat_tickets` DISABLE KEYS */;
INSERT INTO `cat_tickets` VALUES (1,'CAT1','2022-08-12 11:16:07','2022-08-12 11:16:08'),(2,'CAT2','2022-08-12 11:16:15','2022-08-12 11:16:16');
/*!40000 ALTER TABLE `cat_tickets` ENABLE KEYS */;
UNLOCK TABLES;

--
-- Table structure for table `categories`
--

DROP TABLE IF EXISTS `categories`;
/*!40101 SET @saved_cs_client     = @@character_set_client */;
/*!40101 SET character_set_client = utf8 */;
CREATE TABLE `categories` (
  `id` int(10) unsigned NOT NULL AUTO_INCREMENT,
  `name` varchar(191) COLLATE utf8mb4_unicode_ci NOT NULL,
  `image` varchar(191) COLLATE utf8mb4_unicode_ci DEFAULT NULL,
  `parent_id` int(11) DEFAULT NULL,
  `is_active` tinyint(1) DEFAULT NULL,
  `created_at` timestamp NULL DEFAULT NULL,
  `updated_at` timestamp NULL DEFAULT NULL,
  PRIMARY KEY (`id`)
) ENGINE=InnoDB AUTO_INCREMENT=5 DEFAULT CHARSET=utf8mb4 COLLATE=utf8mb4_unicode_ci;
/*!40101 SET character_set_client = @saved_cs_client */;

--
-- Dumping data for table `categories`
--

LOCK TABLES `categories` WRITE;
/*!40000 ALTER TABLE `categories` DISABLE KEYS */;
INSERT INTO `categories` VALUES (1,'Ensemble',NULL,NULL,0,'2022-05-11 07:18:34','2022-08-21 22:37:26'),(2,'Abaya',NULL,NULL,0,'2022-05-11 07:18:47','2022-08-21 22:37:43'),(3,'Hijab',NULL,NULL,1,'2022-08-23 21:12:05','2022-08-23 21:12:05'),(4,'ABAYA',NULL,NULL,1,'2022-09-10 07:14:08','2022-09-10 07:14:08');
/*!40000 ALTER TABLE `categories` ENABLE KEYS */;
UNLOCK TABLES;

--
-- Table structure for table `cities`
--

DROP TABLE IF EXISTS `cities`;
/*!40101 SET @saved_cs_client     = @@character_set_client */;
/*!40101 SET character_set_client = utf8 */;
CREATE TABLE `cities` (
  `id` int(10) unsigned NOT NULL AUTO_INCREMENT,
  `name` varchar(191) COLLATE utf8mb4_unicode_ci NOT NULL,
  `created_at` timestamp NULL DEFAULT NULL,
  `updated_at` timestamp NULL DEFAULT NULL,
  PRIMARY KEY (`id`)
) ENGINE=InnoDB AUTO_INCREMENT=324 DEFAULT CHARSET=utf8mb4 COLLATE=utf8mb4_unicode_ci;
/*!40101 SET character_set_client = @saved_cs_client */;

--
-- Dumping data for table `cities`
--

LOCK TABLES `cities` WRITE;
/*!40000 ALTER TABLE `cities` DISABLE KEYS */;
INSERT INTO `cities` VALUES (1,'AFOURAR - BENI-MELLAL','2022-05-09 00:29:12','2022-05-09 00:29:12'),(2,'AGADIR','2022-05-09 00:29:12','2022-05-09 00:29:12'),(3,'AGHBAL','2022-05-09 00:29:12','2022-05-09 00:29:12'),(4,'AGLOU','2022-05-09 00:29:12','2022-05-09 00:29:12'),(5,'AGOURAY - MEKNES','2022-05-09 00:29:12','2022-05-09 00:29:12'),(6,'AGZIRT BENI-MELLAL','2022-05-09 00:29:12','2022-05-09 00:29:12'),(7,'AHFIR','2022-05-09 00:29:12','2022-05-09 00:29:12'),(8,'AIN ALLA','2022-05-09 00:29:12','2022-05-09 00:29:12'),(9,'AIN AOUDA','2022-05-09 00:29:12','2022-05-09 00:29:12'),(10,'AIN ATTIQ','2022-05-09 00:29:12','2022-05-09 00:29:12'),(11,'AIN CHEGGAG','2022-05-09 00:29:12','2022-05-09 00:29:12'),(12,'AIN CHKEF','2022-05-09 00:29:12','2022-05-09 00:29:12'),(13,'AIN DFALI-OUAZZANE','2022-05-09 00:29:12','2022-05-09 00:29:12'),(14,'AIN EL MEDIOUR','2022-05-09 00:29:12','2022-05-09 00:29:12'),(15,'AIN HAROUDA','2022-05-09 00:29:12','2022-05-09 00:29:12'),(16,'AIN JEMAA-MEKNES','2022-05-09 00:29:12','2022-05-09 00:29:12'),(17,'AIN JIRI-MEKNES','2022-05-09 00:29:12','2022-05-09 00:29:12'),(18,'AIN SEDDAQ','2022-05-09 00:29:12','2022-05-09 00:29:12'),(19,'AIN TEKKI','2022-05-09 00:29:12','2022-05-09 00:29:12'),(20,'AIN ZARKA','2022-05-09 00:29:12','2022-05-09 00:29:12'),(21,'AIT AISSA OUBRAHIM','2022-05-09 00:29:12','2022-05-09 00:29:12'),(22,'AIT AMIRA-AGADIR','2022-05-09 00:29:12','2022-05-09 00:29:12'),(23,'AIT IAAZA','2022-05-09 00:29:12','2022-05-09 00:29:12'),(24,'AIT IHYA OMOUSSA','2022-05-09 00:29:12','2022-05-09 00:29:12'),(25,'AIT MELLOUL','2022-05-09 00:29:12','2022-05-09 00:29:12'),(26,'AIT OURIR-VILLE','2022-05-09 00:29:12','2022-05-09 00:29:12'),(27,'AJDIR-HOUCIMA','2022-05-09 00:29:12','2022-05-09 00:29:12'),(28,'AJDIR-TAZA','2022-05-09 00:29:12','2022-05-09 00:29:12'),(29,'AKKA-TATA','2022-05-09 00:29:12','2022-05-09 00:29:12'),(30,'AKLIM','2022-05-09 00:29:12','2022-05-09 00:29:12'),(31,'AL HOCEIMA','2022-05-09 00:29:12','2022-05-09 00:29:12'),(32,'ALNIF','2022-05-09 00:29:12','2022-05-09 00:29:12'),(33,'ANZA','2022-05-09 00:29:12','2022-05-09 00:29:12'),(34,'AOUFOUS','2022-05-09 00:29:12','2022-05-09 00:29:12'),(35,'AOURIR-AGADIR','2022-05-09 00:29:12','2022-05-09 00:29:12'),(36,'ARJAT-MOHAMMEDIA','2022-05-09 00:29:12','2022-05-09 00:29:12'),(37,'ARREFOUD VILLE','2022-05-09 00:29:12','2022-05-09 00:29:12'),(38,'ASILAH VILLE','2022-05-09 00:29:12','2022-05-09 00:29:12'),(39,'ASSA','2022-05-09 00:29:12','2022-05-09 00:29:12'),(40,'ATTAOUIA','2022-05-09 00:29:12','2022-05-09 00:29:12'),(41,'AZEMMOUR','2022-05-09 00:29:12','2022-05-09 00:29:12'),(42,'AZILAL','2022-05-09 00:29:12','2022-05-09 00:29:12'),(43,'AZLA','2022-05-09 00:29:12','2022-05-09 00:29:12'),(44,'AZROU','2022-05-09 00:29:12','2022-05-09 00:29:12'),(45,'BAB BARD','2022-05-09 00:29:12','2022-05-09 00:29:12'),(46,'BAB TAZA','2022-05-09 00:29:12','2022-05-09 00:29:12'),(47,'BDOUZA','2022-05-09 00:29:12','2022-05-09 00:29:12'),(48,'BEJAAD','2022-05-09 00:29:12','2022-05-09 00:29:12'),(49,'BELAAGID','2022-05-09 00:29:12','2022-05-09 00:29:12'),(50,'BELFAA','2022-05-09 00:29:12','2022-05-09 00:29:12'),(51,'BELKSIRI VILLE','2022-05-09 00:29:12','2022-05-09 00:29:12'),(52,'BEN AHMED-VILLE','2022-05-09 00:29:12','2022-05-09 00:29:12'),(53,'BEN GUERIR','2022-05-09 00:29:12','2022-05-09 00:29:12'),(54,'BEN TAYEB-NADOR','2022-05-09 00:29:12','2022-05-09 00:29:12'),(55,'BENI ENSAR','2022-05-09 00:29:12','2022-05-09 00:29:12'),(56,'BENI MELLAL','2022-05-09 00:29:12','2022-05-09 00:29:12'),(57,'BENSLIMANE','2022-05-09 00:29:12','2022-05-09 00:29:12'),(58,'BERKANE','2022-05-09 00:29:12','2022-05-09 00:29:12'),(59,'BERRECHID VILLE','2022-05-09 00:29:12','2022-05-09 00:29:12'),(60,'BHALIL','2022-05-09 00:29:12','2022-05-09 00:29:12'),(61,'BIOUGRA','2022-05-09 00:29:12','2022-05-09 00:29:12'),(62,'BIR JDID','2022-05-09 00:29:12','2022-05-09 00:29:12'),(63,'BNI AYAT - BENI-MELLAL','2022-05-09 00:29:12','2022-05-09 00:29:12'),(64,'BNI BOUAYACH','2022-05-09 00:29:12','2022-05-09 00:29:12'),(65,'BNI YAKHLEF','2022-05-09 00:29:12','2022-05-09 00:29:12'),(66,'BOUANANE-TETOUN','2022-05-09 00:29:12','2022-05-09 00:29:12'),(67,'BOUARFA','2022-05-09 00:29:12','2022-05-09 00:29:12'),(68,'BOUDERBALA-MEKNES','2022-05-09 00:29:12','2022-05-09 00:29:12'),(69,'BOUFKRANE','2022-05-09 00:29:12','2022-05-09 00:29:12'),(70,'BOUIZAKARNE','2022-05-09 00:29:12','2022-05-09 00:29:12'),(71,'BOUJDOUR','2022-05-09 00:29:12','2022-05-09 00:29:12'),(72,'BOUJNIBA','2022-05-09 00:29:12','2022-05-09 00:29:12'),(73,'BOUKNADL','2022-05-09 00:29:12','2022-05-09 00:29:12'),(74,'BOULANOUARE','2022-05-09 00:29:12','2022-05-09 00:29:12'),(75,'BOULEMANE','2022-05-09 00:29:12','2022-05-09 00:29:12'),(76,'BOUMALNE DADES','2022-05-09 00:29:12','2022-05-09 00:29:12'),(77,'BOUMIA','2022-05-09 00:29:12','2022-05-09 00:29:12'),(78,'BOUNAAMANE-TIZNIT','2022-05-09 00:29:12','2022-05-09 00:29:12'),(79,'BOUSKOURA','2022-05-09 00:29:12','2022-05-09 00:29:12'),(80,'BOUZNIKA','2022-05-09 00:29:12','2022-05-09 00:29:12'),(81,'BRADIA - BENI-MELLAL','2022-05-09 00:29:12','2022-05-09 00:29:12'),(82,'CABO NEGRO','2022-05-09 00:29:12','2022-05-09 00:29:12'),(83,'CASABLANCA','2022-05-09 00:29:12','2022-05-09 00:29:12'),(84,'CHEFCHAOUEN','2022-05-09 00:29:12','2022-05-09 00:29:12'),(85,'CHELLALAT','2022-05-09 00:29:12','2022-05-09 00:29:12'),(86,'CHICHAOUA-VILLE','2022-05-09 00:29:12','2022-05-09 00:29:12'),(87,'CHOUITER','2022-05-09 00:29:12','2022-05-09 00:29:12'),(88,'DAKHLA','2022-05-09 00:29:12','2022-05-09 00:29:12'),(89,'DAR BOUAZZA','2022-05-09 00:29:12','2022-05-09 00:29:12'),(90,'DAR OULD ZIDOUH','2022-05-09 00:29:12','2022-05-09 00:29:12'),(91,'DAROUA','2022-05-09 00:29:12','2022-05-09 00:29:12'),(92,'DCHEIRA','2022-05-09 00:29:12','2022-05-09 00:29:12'),(93,'DEMNATE-VILLE','2022-05-09 00:29:12','2022-05-09 00:29:12'),(94,'DKHISSA-MEKNES','2022-05-09 00:29:12','2022-05-09 00:29:12'),(95,'DLALHA','2022-05-09 00:29:12','2022-05-09 00:29:12'),(96,'DOUAR BOUMAIZ','2022-05-09 00:29:12','2022-05-09 00:29:12'),(97,'DRARGA','2022-05-09 00:29:12','2022-05-09 00:29:12'),(98,'DRIOUCH-NADOR','2022-05-09 00:29:12','2022-05-09 00:29:12'),(99,'ECHEMMAIA','2022-05-09 00:29:12','2022-05-09 00:29:12'),(100,'EL BOROUJ','2022-05-09 00:29:12','2022-05-09 00:29:12'),(101,'EL GARA','2022-05-09 00:29:12','2022-05-09 00:29:12'),(102,'EL JADIDA','2022-05-09 00:29:12','2022-05-09 00:29:12'),(103,'EL KSIBA - BENI-MELLAL','2022-05-09 00:29:12','2022-05-09 00:29:12'),(104,'EL MAADER EL KABIR-TIZNIT','2022-05-09 00:29:12','2022-05-09 00:29:12'),(105,'EL MANSOURIA','2022-05-09 00:29:12','2022-05-09 00:29:12'),(106,'EL OUATIA','2022-05-09 00:29:12','2022-05-09 00:29:12'),(107,'ELHAJEB VILLE','2022-05-09 00:29:12','2022-05-09 00:29:12'),(108,'ERRACHIDIA-02','2022-05-09 00:29:12','2022-05-09 00:29:12'),(109,'ERRAHMA VILLE','2022-05-09 00:29:12','2022-05-09 00:29:12'),(110,'ESSAOUIRA','2022-05-09 00:29:12','2022-05-09 00:29:12'),(111,'ESSMARA-SAHARA','2022-05-09 00:29:12','2022-05-09 00:29:12'),(112,'FAM EL HISN-TATA','2022-05-09 00:29:12','2022-05-09 00:29:12'),(113,'FES','2022-05-09 00:29:12','2022-05-09 00:29:12'),(114,'FIGUIG','2022-05-09 00:29:12','2022-05-09 00:29:12'),(115,'FNIDEQ','2022-05-09 00:29:12','2022-05-09 00:29:12'),(116,'FOUM ZGUID','2022-05-09 00:29:12','2022-05-09 00:29:12'),(117,'FQUIH BEN SALAH','2022-05-09 00:29:12','2022-05-09 00:29:12'),(118,'GFIFAT','2022-05-09 00:29:12','2022-05-09 00:29:12'),(119,'GOUASSEM-VILLE','2022-05-09 00:29:12','2022-05-09 00:29:12'),(120,'GOULMIMA VILLE','2022-05-09 00:29:12','2022-05-09 00:29:12'),(121,'GUELMIM','2022-05-09 00:29:12','2022-05-09 00:29:12'),(122,'GUERCIF','2022-05-09 00:29:12','2022-05-09 00:29:12'),(123,'GUISSER','2022-05-09 00:29:12','2022-05-09 00:29:12'),(124,'HAD HRARA-SAFI','2022-05-09 00:29:12','2022-05-09 00:29:12'),(125,'HAD SWLME','2022-05-09 00:29:12','2022-05-09 00:29:12'),(126,'HAD WLAD FRAJ','2022-05-09 00:29:12','2022-05-09 00:29:12'),(127,'HARHOURA','2022-05-09 00:29:12','2022-05-09 00:29:12'),(128,'HOUARA','2022-05-09 00:29:12','2022-05-09 00:29:12'),(129,'IDI JABER-BENI-MELLAL','2022-05-09 00:29:12','2022-05-09 00:29:12'),(130,'IFRAN','2022-05-09 00:29:12','2022-05-09 00:29:12'),(131,'IGHRAM LAALAM-BENI MELLAL','2022-05-09 00:29:12','2022-05-09 00:29:12'),(132,'IMGON-TINGHIR','2022-05-09 00:29:12','2022-05-09 00:29:12'),(133,'IMINTANOUTE-VILLE','2022-05-09 00:29:12','2022-05-09 00:29:12'),(134,'IMOUZAR KANDRE','2022-05-09 00:29:12','2022-05-09 00:29:12'),(135,'IMOUZZER MARMOUCHA','2022-05-09 00:29:12','2022-05-09 00:29:12'),(136,'IMZOUREN','2022-05-09 00:29:12','2022-05-09 00:29:12'),(137,'INZEGANE','2022-05-09 00:29:12','2022-05-09 00:29:12'),(138,'ISSAFEN-TATA','2022-05-09 00:29:12','2022-05-09 00:29:12'),(139,'ISSAGUEN','2022-05-09 00:29:12','2022-05-09 00:29:12'),(140,'JAMAAT FDALA','2022-05-09 00:29:12','2022-05-09 00:29:12'),(141,'JAMAAT SHAIM','2022-05-09 00:29:12','2022-05-09 00:29:12'),(142,'JERADA','2022-05-09 00:29:12','2022-05-09 00:29:12'),(143,'JORF EL MELHA-OUZZANE','2022-05-09 00:29:12','2022-05-09 00:29:12'),(144,'JORF SEFAR','2022-05-09 00:29:12','2022-05-09 00:29:12'),(145,'KABILA','2022-05-09 00:29:12','2022-05-09 00:29:12'),(146,'KAMOUNI','2022-05-09 00:29:12','2022-05-09 00:29:12'),(147,'KARIAT ARKMAN‎-NADOR','2022-05-09 00:29:12','2022-05-09 00:29:12'),(148,'KARIAT BA MOHAMED','2022-05-09 00:29:12','2022-05-09 00:29:12'),(149,'KASBA TADLA','2022-05-09 00:29:12','2022-05-09 00:29:12'),(150,'KASBAH EL TAHER','2022-05-09 00:29:12','2022-05-09 00:29:12'),(151,'KELÂA DES SRAGHNA','2022-05-09 00:29:12','2022-05-09 00:29:12'),(152,'KELÂAT M GOUNA','2022-05-09 00:29:12','2022-05-09 00:29:12'),(153,'KELIAA','2022-05-09 00:29:12','2022-05-09 00:29:12'),(154,'KENITRA VILLE','2022-05-09 00:29:12','2022-05-09 00:29:12'),(155,'KHEMIS SAHEL','2022-05-09 00:29:12','2022-05-09 00:29:12'),(156,'KHEMIS ZEMAMRA','2022-05-09 00:29:12','2022-05-09 00:29:12'),(157,'KHEMISSET VILLE','2022-05-09 00:29:12','2022-05-09 00:29:12'),(158,'KHENICHET','2022-05-09 00:29:12','2022-05-09 00:29:12'),(159,'KHENIFRA VILLE','2022-05-09 00:29:12','2022-05-09 00:29:12'),(160,'KHOURIBGA','2022-05-09 00:29:12','2022-05-09 00:29:12'),(161,'KSAR EL KEBIR','2022-05-09 00:29:12','2022-05-09 00:29:12'),(162,'KSAR SGHIR','2022-05-09 00:29:12','2022-05-09 00:29:12'),(163,'LAAROUI','2022-05-09 00:29:12','2022-05-09 00:29:12'),(164,'LAAYOUNE-PORT','2022-05-09 00:29:12','2022-05-09 00:29:12'),(165,'LAAYOUNE-SAHARA','2022-05-09 00:29:12','2022-05-09 00:29:12'),(166,'LALLA FATNA','2022-05-09 00:29:12','2022-05-09 00:29:12'),(167,'LALLA MIMOUNA','2022-05-09 00:29:12','2022-05-09 00:29:12'),(168,'LAOUAMRA','2022-05-09 00:29:12','2022-05-09 00:29:12'),(169,'LARACHE','2022-05-09 00:29:12','2022-05-09 00:29:12'),(170,'LAYOUN CHERKIA','2022-05-09 00:29:12','2022-05-09 00:29:12'),(171,'LHAJ KADOUR VILLE','2022-05-09 00:29:12','2022-05-09 00:29:12'),(172,'LHAWZIA-JADIDA','2022-05-09 00:29:12','2022-05-09 00:29:12'),(173,'LMHAYA','2022-05-09 00:29:12','2022-05-09 00:29:12'),(174,'LOUIZIA','2022-05-09 00:29:12','2022-05-09 00:29:12'),(175,'M DIQ','2022-05-09 00:29:12','2022-05-09 00:29:12'),(176,'MAAZIZ','2022-05-09 00:29:12','2022-05-09 00:29:12'),(177,'MARINA SMIR','2022-05-09 00:29:12','2022-05-09 00:29:12'),(178,'MARRAKECH','2022-05-09 00:29:12','2022-05-09 00:29:12'),(179,'MARTIL','2022-05-09 00:29:12','2022-05-09 00:29:12'),(180,'MASMOUDA - OUAZZANE','2022-05-09 00:29:12','2022-05-09 00:29:12'),(181,'MAZAGAN','2022-05-09 00:29:12','2022-05-09 00:29:12'),(182,'MEDIONA','2022-05-09 00:29:12','2022-05-09 00:29:12'),(183,'MEHDIA VILLE','2022-05-09 00:29:12','2022-05-09 00:29:12'),(184,'MEJJAT','2022-05-09 00:29:12','2022-05-09 00:29:12'),(185,'MEKNES','2022-05-09 00:29:12','2022-05-09 00:29:12'),(186,'MHAMID EL GHIZLANE','2022-05-09 00:29:12','2022-05-09 00:29:12'),(187,'MIDAR-DRIOUCH','2022-05-09 00:29:12','2022-05-09 00:29:12'),(188,'MIDELT','2022-05-09 00:29:12','2022-05-09 00:29:12'),(189,'MIMOSA-MOHAMMEDIA','2022-05-09 00:29:12','2022-05-09 00:29:12'),(190,'MISSOUR','2022-05-09 00:29:12','2022-05-09 00:29:12'),(191,'MOLY DRISSE ZARHOUNE','2022-05-09 00:29:12','2022-05-09 00:29:12'),(192,'MOUHAMMEDIA','2022-05-09 00:29:12','2022-05-09 00:29:12'),(193,'MOULAY ABDELLAH','2022-05-09 00:29:12','2022-05-09 00:29:12'),(194,'MOULAY BOUSSELHAM','2022-05-09 00:29:12','2022-05-09 00:29:12'),(195,'MOULAY YAÂCOUB','2022-05-09 00:29:12','2022-05-09 00:29:12'),(196,'MRIRTE','2022-05-09 00:29:12','2022-05-09 00:29:12'),(197,'MSAWAR RASO','2022-05-09 00:29:12','2022-05-09 00:29:12'),(198,'MSEMRIR-TINGHIR','2022-05-09 00:29:12','2022-05-09 00:29:12'),(199,'MZOUDA','2022-05-09 00:29:12','2022-05-09 00:29:12'),(200,'NADOR','2022-05-09 00:29:12','2022-05-09 00:29:12'),(201,'NOUACEUR','2022-05-09 00:29:12','2022-05-09 00:29:12'),(202,'OUAHAT SIDI BRAHIM','2022-05-09 00:29:12','2022-05-09 00:29:12'),(203,'OUALMES VILLE','2022-05-09 00:29:12','2022-05-09 00:29:12'),(204,'OUARZAZAT','2022-05-09 00:29:12','2022-05-09 00:29:12'),(205,'OUAZZANE','2022-05-09 00:29:12','2022-05-09 00:29:12'),(206,'OUDAYA-MARRAKECH','2022-05-09 00:29:12','2022-05-09 00:29:12'),(207,'OUED AMLIL','2022-05-09 00:29:12','2022-05-09 00:29:12'),(208,'OUED LAOU','2022-05-09 00:29:12','2022-05-09 00:29:12'),(209,'OUED ZEM','2022-05-09 00:29:12','2022-05-09 00:29:12'),(210,'OUJDA','2022-05-09 00:29:12','2022-05-09 00:29:12'),(211,'OULAD AYAD','2022-05-09 00:29:12','2022-05-09 00:29:12'),(212,'OULAD BERHIL','2022-05-09 00:29:12','2022-05-09 00:29:12'),(213,'OULAD DAHOU','2022-05-09 00:29:12','2022-05-09 00:29:12'),(214,'OULAD JERRAR-TIZNIT','2022-05-09 00:29:12','2022-05-09 00:29:12'),(215,'OULAD SAID','2022-05-09 00:29:12','2022-05-09 00:29:12'),(216,'OULAD SAID-BENI MELLAL','2022-05-09 00:29:12','2022-05-09 00:29:12'),(217,'OULAD TEIMA','2022-05-09 00:29:12','2022-05-09 00:29:12'),(218,'OULAD ZMAM - BENI-MELLAL','2022-05-09 00:29:12','2022-05-09 00:29:12'),(219,'OULED BEN RAHMOUN','2022-05-09 00:29:12','2022-05-09 00:29:12'),(220,'OULED BOUTABET','2022-05-09 00:29:12','2022-05-09 00:29:12'),(221,'OURIKA-VILLE','2022-05-09 00:29:12','2022-05-09 00:29:12'),(222,'OUTAT EL HAJ','2022-05-09 00:29:12','2022-05-09 00:29:12'),(223,'PLAGE DAVID-BOUZNIKA','2022-05-09 00:29:12','2022-05-09 00:29:12'),(224,'RABAT','2022-05-09 00:29:12','2022-05-09 00:29:12'),(225,'RAS EL MA-FES','2022-05-09 00:29:12','2022-05-09 00:29:12'),(226,'RICHE-02','2022-05-09 00:29:12','2022-05-09 00:29:12'),(227,'RISSANI VILLE','2022-05-09 00:29:12','2022-05-09 00:29:12'),(228,'ROMMANI VILLE','2022-05-09 00:29:12','2022-05-09 00:29:12'),(229,'SAAIDIA','2022-05-09 00:29:12','2022-05-09 00:29:12'),(230,'SAFI','2022-05-09 00:29:12','2022-05-09 00:29:12'),(231,'SALE','2022-05-09 00:29:12','2022-05-09 00:29:12'),(232,'SALE EL JADIDA','2022-05-09 00:29:12','2022-05-09 00:29:12'),(233,'SBAA AYOUNE','2022-05-09 00:29:12','2022-05-09 00:29:12'),(234,'SEBT EL GUERDANE','2022-05-09 00:29:12','2022-05-09 00:29:12'),(235,'SEBT GZOULA','2022-05-09 00:29:12','2022-05-09 00:29:12'),(236,'SEFROU','2022-05-09 00:29:12','2022-05-09 00:29:12'),(237,'SEGANGAN','2022-05-09 00:29:12','2022-05-09 00:29:12'),(238,'SELOUANE','2022-05-09 00:29:12','2022-05-09 00:29:12'),(239,'SETTATE','2022-05-09 00:29:12','2022-05-09 00:29:12'),(240,'SID L MOKHTAR','2022-05-09 00:29:12','2022-05-09 00:29:12'),(241,'SID ZOUINE','2022-05-09 00:29:12','2022-05-09 00:29:12'),(242,'SIDI AISSA-BENI-MELLAL','2022-05-09 00:29:12','2022-05-09 00:29:12'),(243,'SIDI ALLAL EL BAHRAOUI','2022-05-09 00:29:12','2022-05-09 00:29:12'),(244,'SIDI ALLAL TAZI','2022-05-09 00:29:12','2022-05-09 00:29:12'),(245,'SIDI BENNOUR','2022-05-09 00:29:12','2022-05-09 00:29:12'),(246,'SIDI BOU OTHMANE-VILLE','2022-05-09 00:29:12','2022-05-09 00:29:12'),(247,'SIDI BOUZID','2022-05-09 00:29:12','2022-05-09 00:29:12'),(248,'SIDI EL AIDI','2022-05-09 00:29:12','2022-05-09 00:29:12'),(249,'SIDI GHIAT','2022-05-09 00:29:12','2022-05-09 00:29:12'),(250,'SIDI HAJJAJ SBIT','2022-05-09 00:29:12','2022-05-09 00:29:12'),(251,'SIDI HARAZEM','2022-05-09 00:29:12','2022-05-09 00:29:12'),(252,'SIDI IFNI','2022-05-09 00:29:12','2022-05-09 00:29:12'),(253,'SIDI KACEM','2022-05-09 00:29:12','2022-05-09 00:29:12'),(254,'SIDI KAOUKI','2022-05-09 00:29:12','2022-05-09 00:29:12'),(255,'SIDI RAHL','2022-05-09 00:29:12','2022-05-09 00:29:12'),(256,'SIDI RAHLE','2022-05-09 00:29:12','2022-05-09 00:29:12'),(257,'SIDI SLIMAN','2022-05-09 00:29:12','2022-05-09 00:29:12'),(258,'SIDI TAIBI','2022-05-09 00:29:12','2022-05-09 00:29:12'),(259,'SIDI YAHYA GHARB VILLE','2022-05-09 00:29:12','2022-05-09 00:29:12'),(260,'SIDI-BIBI','2022-05-09 00:29:12','2022-05-09 00:29:12'),(261,'SKHIRAT','2022-05-09 00:29:12','2022-05-09 00:29:12'),(262,'SKHOUR EL RAHMNA','2022-05-09 00:29:12','2022-05-09 00:29:12'),(263,'SOUIHLA-VILLE','2022-05-09 00:29:12','2022-05-09 00:29:12'),(264,'SOUIRIA','2022-05-09 00:29:12','2022-05-09 00:29:12'),(265,'SOUK LARBAA','2022-05-09 00:29:12','2022-05-09 00:29:12'),(266,'SOUK LARBAA VILLE','2022-05-09 00:29:12','2022-05-09 00:29:12'),(267,'SOUK SEBT OULAD NEMMA','2022-05-09 00:29:12','2022-05-09 00:29:12'),(268,'TADDART-TAZA','2022-05-09 00:29:12','2022-05-09 00:29:12'),(269,'TAFETACHTE ESSAOUIRA','2022-05-09 00:29:12','2022-05-09 00:29:12'),(270,'TAFOUGHALT','2022-05-09 00:29:12','2022-05-09 00:29:12'),(271,'TAFRAOUTE','2022-05-09 00:29:12','2022-05-09 00:29:12'),(272,'TAGHAZOUT','2022-05-09 00:29:12','2022-05-09 00:29:12'),(273,'TAGMOUT-TATA','2022-05-09 00:29:12','2022-05-09 00:29:12'),(274,'TAGOUNITE‬-ZAGORA','2022-05-09 00:29:12','2022-05-09 00:29:12'),(275,'TAHANAOUT-VILLE','2022-05-09 00:29:12','2022-05-09 00:29:12'),(276,'TAHLA','2022-05-09 00:29:12','2022-05-09 00:29:12'),(277,'TAMANSOURT-MARRAKECH','2022-05-09 00:29:12','2022-05-09 00:29:12'),(278,'TAMARIS','2022-05-09 00:29:12','2022-05-09 00:29:12'),(279,'TAMEGROUTE-ZAGORA','2022-05-09 00:29:12','2022-05-09 00:29:12'),(280,'TAMESLUHT- VILLE','2022-05-09 00:29:12','2022-05-09 00:29:12'),(281,'TAMESNA','2022-05-09 00:29:12','2022-05-09 00:29:12'),(282,'TAMRAGHT','2022-05-09 00:29:12','2022-05-09 00:29:12'),(283,'TAMRAGHT-AGADIR','2022-05-09 00:29:12','2022-05-09 00:29:12'),(284,'TAN TAN','2022-05-09 00:29:12','2022-05-09 00:29:12'),(285,'TANGER','2022-05-09 00:29:12','2022-05-09 00:29:12'),(286,'TANTAN','2022-05-09 00:29:12','2022-05-09 00:29:12'),(287,'TAOUNATE','2022-05-09 00:29:12','2022-05-09 00:29:12'),(288,'TAOURIRT','2022-05-09 00:29:12','2022-05-09 00:29:12'),(289,'TARFYA','2022-05-09 00:29:12','2022-05-09 00:29:12'),(290,'TARGUIST','2022-05-09 00:29:12','2022-05-09 00:29:12'),(291,'TAROUDANT','2022-05-09 00:29:12','2022-05-09 00:29:12'),(292,'TASSOULTANT-VILLE','2022-05-09 00:29:12','2022-05-09 00:29:12'),(293,'TATA','2022-05-09 00:29:12','2022-05-09 00:29:12'),(294,'TAWJTAT','2022-05-09 00:29:12','2022-05-09 00:29:12'),(295,'TAZA','2022-05-09 00:29:12','2022-05-09 00:29:12'),(296,'TAZNAKHT','2022-05-09 00:29:12','2022-05-09 00:29:12'),(297,'TEMARA','2022-05-09 00:29:12','2022-05-09 00:29:12'),(298,'TEMSIA-AGADIR','2022-05-09 00:29:12','2022-05-09 00:29:12'),(299,'TEROUAL - OUAZZANE','2022-05-09 00:29:12','2022-05-09 00:29:12'),(300,'TETOUAN','2022-05-09 00:29:12','2022-05-09 00:29:12'),(301,'TIFLET VILLE','2022-05-09 00:29:12','2022-05-09 00:29:12'),(302,'TIKIOUINE','2022-05-09 00:29:12','2022-05-09 00:29:12'),(303,'TIN MANSOUR','2022-05-09 00:29:12','2022-05-09 00:29:12'),(304,'TINEJDAD VILLE','2022-05-09 00:29:12','2022-05-09 00:29:12'),(305,'TINGHIR VILLE','2022-05-09 00:29:12','2022-05-09 00:29:12'),(306,'TISSINT-TATA','2022-05-09 00:29:12','2022-05-09 00:29:12'),(307,'TIT MELLIL','2022-05-09 00:29:12','2022-05-09 00:29:12'),(308,'TIZNIT','2022-05-09 00:29:12','2022-05-09 00:29:12'),(309,'TIZTOTIN-NADOR','2022-05-09 00:29:12','2022-05-09 00:29:12'),(310,'TLAT BOUARIS','2022-05-09 00:29:12','2022-05-09 00:29:12'),(311,'TNIN EL GHIATE-SAFI','2022-05-09 00:29:12','2022-05-09 00:29:12'),(312,'TNINE CHTOUKA','2022-05-09 00:29:12','2022-05-09 00:29:12'),(313,'TNINE GHARBIA','2022-05-09 00:29:12','2022-05-09 00:29:12'),(314,'TOHMO AGADIR','2022-05-09 00:29:12','2022-05-09 00:29:12'),(315,'WALIDIA','2022-05-09 00:29:12','2022-05-09 00:29:12'),(316,'YOUSSOFIA','2022-05-09 00:29:12','2022-05-09 00:29:12'),(317,'YOUSSOUFIA','2022-05-09 00:29:12','2022-05-09 00:29:12'),(318,'ZAGORA','2022-05-09 00:29:12','2022-05-09 00:29:12'),(319,'ZAIDA','2022-05-09 00:29:12','2022-05-09 00:29:12'),(320,'ZAOUIAT CHEIKH','2022-05-09 00:29:12','2022-05-09 00:29:12'),(321,'ZAOUIT SIDI SMAIL','2022-05-09 00:29:12','2022-05-09 00:29:12'),(322,'ZAYOU','2022-05-09 00:29:12','2022-05-09 00:29:12'),(323,'ZOUMI-OUAZZANE','2022-05-09 00:29:12','2022-05-09 00:29:12');
/*!40000 ALTER TABLE `cities` ENABLE KEYS */;
UNLOCK TABLES;

--
-- Table structure for table `comments`
--

DROP TABLE IF EXISTS `comments`;
/*!40101 SET @saved_cs_client     = @@character_set_client */;
/*!40101 SET character_set_client = utf8 */;
CREATE TABLE `comments` (
  `id` int(10) unsigned NOT NULL AUTO_INCREMENT,
  `ticket_id` int(10) unsigned NOT NULL,
  `user_id` int(10) unsigned NOT NULL,
  `comment` text COLLATE utf8mb4_unicode_ci NOT NULL,
  `created_at` timestamp NULL DEFAULT NULL,
  `updated_at` timestamp NULL DEFAULT NULL,
  PRIMARY KEY (`id`)
) ENGINE=InnoDB AUTO_INCREMENT=9 DEFAULT CHARSET=utf8mb4 COLLATE=utf8mb4_unicode_ci;
/*!40101 SET character_set_client = @saved_cs_client */;

--
-- Dumping data for table `comments`
--

LOCK TABLES `comments` WRITE;
/*!40000 ALTER TABLE `comments` DISABLE KEYS */;
INSERT INTO `comments` VALUES (5,8,30,'ALIKOM SALAM MHM KIF JATAK APLICATION','2022-09-11 16:41:39','2022-09-11 16:41:39'),(6,9,30,'AFIN CV','2022-09-11 16:45:06','2022-09-11 16:45:06'),(7,8,39,'zwina','2022-09-11 16:47:34','2022-09-11 16:47:34'),(8,8,30,'dcc mrc','2022-09-11 17:07:25','2022-09-11 17:07:25');
/*!40000 ALTER TABLE `comments` ENABLE KEYS */;
UNLOCK TABLES;

--
-- Table structure for table `coupons`
--

DROP TABLE IF EXISTS `coupons`;
/*!40101 SET @saved_cs_client     = @@character_set_client */;
/*!40101 SET character_set_client = utf8 */;
CREATE TABLE `coupons` (
  `id` int(10) unsigned NOT NULL AUTO_INCREMENT,
  `code` varchar(191) COLLATE utf8mb4_unicode_ci NOT NULL,
  `type` varchar(191) COLLATE utf8mb4_unicode_ci NOT NULL,
  `amount` double NOT NULL,
  `minimum_amount` double DEFAULT NULL,
  `quantity` int(11) NOT NULL,
  `used` int(11) NOT NULL,
  `expired_date` date NOT NULL,
  `user_id` int(11) NOT NULL,
  `is_active` tinyint(1) NOT NULL,
  `created_at` timestamp NULL DEFAULT NULL,
  `updated_at` timestamp NULL DEFAULT NULL,
  PRIMARY KEY (`id`)
) ENGINE=InnoDB DEFAULT CHARSET=utf8mb4 COLLATE=utf8mb4_unicode_ci;
/*!40101 SET character_set_client = @saved_cs_client */;

--
-- Dumping data for table `coupons`
--

LOCK TABLES `coupons` WRITE;
/*!40000 ALTER TABLE `coupons` DISABLE KEYS */;
/*!40000 ALTER TABLE `coupons` ENABLE KEYS */;
UNLOCK TABLES;

--
-- Table structure for table `currencies`
--

DROP TABLE IF EXISTS `currencies`;
/*!40101 SET @saved_cs_client     = @@character_set_client */;
/*!40101 SET character_set_client = utf8 */;
CREATE TABLE `currencies` (
  `id` bigint(20) unsigned NOT NULL AUTO_INCREMENT,
  `name` varchar(191) COLLATE utf8mb4_unicode_ci NOT NULL,
  `code` varchar(191) COLLATE utf8mb4_unicode_ci NOT NULL,
  `exchange_rate` double NOT NULL,
  `created_at` timestamp NULL DEFAULT NULL,
  `updated_at` timestamp NULL DEFAULT NULL,
  PRIMARY KEY (`id`)
) ENGINE=InnoDB AUTO_INCREMENT=3 DEFAULT CHARSET=utf8mb4 COLLATE=utf8mb4_unicode_ci;
/*!40101 SET character_set_client = @saved_cs_client */;

--
-- Dumping data for table `currencies`
--

LOCK TABLES `currencies` WRITE;
/*!40000 ALTER TABLE `currencies` DISABLE KEYS */;
INSERT INTO `currencies` VALUES (2,'Dirham','DHS',1,'2020-11-01 01:29:12','2022-01-02 15:06:53');
/*!40000 ALTER TABLE `currencies` ENABLE KEYS */;
UNLOCK TABLES;

--
-- Table structure for table `customer_groups`
--

DROP TABLE IF EXISTS `customer_groups`;
/*!40101 SET @saved_cs_client     = @@character_set_client */;
/*!40101 SET character_set_client = utf8 */;
CREATE TABLE `customer_groups` (
  `id` int(10) unsigned NOT NULL AUTO_INCREMENT,
  `name` varchar(191) COLLATE utf8mb4_unicode_ci NOT NULL,
  `percentage` varchar(191) COLLATE utf8mb4_unicode_ci NOT NULL,
  `is_active` tinyint(1) DEFAULT NULL,
  `created_at` timestamp NULL DEFAULT NULL,
  `updated_at` timestamp NULL DEFAULT NULL,
  PRIMARY KEY (`id`)
) ENGINE=InnoDB DEFAULT CHARSET=utf8mb4 COLLATE=utf8mb4_unicode_ci;
/*!40101 SET character_set_client = @saved_cs_client */;

--
-- Dumping data for table `customer_groups`
--

LOCK TABLES `customer_groups` WRITE;
/*!40000 ALTER TABLE `customer_groups` DISABLE KEYS */;
/*!40000 ALTER TABLE `customer_groups` ENABLE KEYS */;
UNLOCK TABLES;

--
-- Table structure for table `customers`
--

DROP TABLE IF EXISTS `customers`;
/*!40101 SET @saved_cs_client     = @@character_set_client */;
/*!40101 SET character_set_client = utf8 */;
CREATE TABLE `customers` (
  `id` int(10) unsigned NOT NULL AUTO_INCREMENT,
  `customer_group_id` int(11) NOT NULL,
  `user_id` int(11) DEFAULT NULL,
  `created_by` int(11) NOT NULL,
  `name` varchar(191) COLLATE utf8mb4_unicode_ci NOT NULL,
  `company_name` varchar(191) COLLATE utf8mb4_unicode_ci DEFAULT NULL,
  `email` varchar(191) COLLATE utf8mb4_unicode_ci DEFAULT NULL,
  `phone_number` varchar(191) COLLATE utf8mb4_unicode_ci NOT NULL,
  `tax_no` varchar(191) COLLATE utf8mb4_unicode_ci DEFAULT NULL,
  `address` varchar(191) COLLATE utf8mb4_unicode_ci NOT NULL,
  `city` varchar(191) COLLATE utf8mb4_unicode_ci NOT NULL,
  `state` varchar(191) COLLATE utf8mb4_unicode_ci DEFAULT NULL,
  `postal_code` varchar(191) COLLATE utf8mb4_unicode_ci DEFAULT NULL,
  `country` varchar(191) COLLATE utf8mb4_unicode_ci DEFAULT NULL,
  `deposit` double DEFAULT NULL,
  `expense` double DEFAULT NULL,
  `is_active` tinyint(1) DEFAULT NULL,
  `created_at` timestamp NULL DEFAULT NULL,
  `updated_at` timestamp NULL DEFAULT NULL,
  PRIMARY KEY (`id`)
) ENGINE=InnoDB DEFAULT CHARSET=utf8mb4 COLLATE=utf8mb4_unicode_ci;
/*!40101 SET character_set_client = @saved_cs_client */;

--
-- Dumping data for table `customers`
--

LOCK TABLES `customers` WRITE;
/*!40000 ALTER TABLE `customers` DISABLE KEYS */;
/*!40000 ALTER TABLE `customers` ENABLE KEYS */;
UNLOCK TABLES;

--
-- Table structure for table `deliveries`
--

DROP TABLE IF EXISTS `deliveries`;
/*!40101 SET @saved_cs_client     = @@character_set_client */;
/*!40101 SET character_set_client = utf8 */;
CREATE TABLE `deliveries` (
  `id` int(10) unsigned NOT NULL AUTO_INCREMENT,
  `reference_no` varchar(191) COLLATE utf8mb4_unicode_ci NOT NULL,
  `sale_id` int(11) NOT NULL,
  `user_id` int(11) DEFAULT NULL,
  `sold_by` int(11) DEFAULT NULL,
  `delivered_by` varchar(191) COLLATE utf8mb4_unicode_ci DEFAULT NULL,
  `note` varchar(191) COLLATE utf8mb4_unicode_ci DEFAULT NULL,
  `is_close` tinyint(1) DEFAULT NULL,
  `returned` tinyint(1) NOT NULL DEFAULT '0',
  `created_at` timestamp NULL DEFAULT NULL,
  `updated_at` timestamp NULL DEFAULT NULL,
  PRIMARY KEY (`id`)
) ENGINE=InnoDB AUTO_INCREMENT=55 DEFAULT CHARSET=utf8mb4 COLLATE=utf8mb4_unicode_ci;
/*!40101 SET character_set_client = @saved_cs_client */;

--
-- Dumping data for table `deliveries`
--

LOCK TABLES `deliveries` WRITE;
/*!40000 ALTER TABLE `deliveries` DISABLE KEYS */;
INSERT INTO `deliveries` VALUES (32,'dr-100922-095603',37,30,35,NULL,NULL,1,0,'2022-09-10 07:56:12','2022-09-10 07:57:05'),(33,'dr-100922-173614',38,30,39,NULL,NULL,1,0,'2022-09-10 15:36:21','2022-09-10 15:38:46'),(34,'dr-100922-175057',39,30,39,NULL,NULL,1,0,'2022-09-10 15:51:04','2022-09-10 16:04:14'),(35,'dr-110922-180330',36,30,35,NULL,NULL,1,1,'2022-09-11 16:03:39','2022-09-11 16:03:39'),(36,'dr-110922-182804',41,30,40,'OZONEXPRESS','DEMAIN INCHAELLAH',1,0,'2022-09-11 16:28:12','2022-09-12 22:12:42'),(37,'dr-110922-182837',40,30,40,'OZON EXPRISS morad','0664216305 nemra dyal livreur li aywsl l commande',1,0,'2022-09-11 16:28:42','2022-09-12 16:35:56'),(38,'dr-110922-182856',43,30,39,NULL,NULL,1,0,'2022-09-11 16:29:02','2022-09-12 18:42:24'),(39,'dr-110922-190907',44,30,42,NULL,NULL,1,1,'2022-09-11 17:09:15','2022-09-11 17:09:15'),(40,'dr-110922-235657',45,30,35,NULL,NULL,0,1,'2022-09-11 21:57:03','2022-09-12 20:39:56'),(41,'dr-120922-084501',46,30,35,NULL,NULL,1,1,'2022-09-12 06:45:12','2022-09-12 06:45:12'),(42,'dr-120922-105232',50,30,46,'OZONEXPRESS','Fjgyjlkxhop',1,0,'2022-09-12 08:52:39','2022-09-12 08:54:13'),(43,'dr-120922-143003',49,30,41,NULL,NULL,1,0,'2022-09-12 12:30:10','2022-09-12 18:43:50'),(44,'dr-120922-143018',42,30,40,NULL,NULL,1,0,'2022-09-12 12:30:24','2022-09-14 02:20:02'),(45,'dr-120922-143032',47,30,41,NULL,NULL,0,0,'2022-09-12 12:30:38','2022-09-12 12:30:38'),(46,'dr-120922-143045',48,30,41,NULL,NULL,1,0,'2022-09-12 12:30:52','2022-09-12 18:43:10'),(47,'dr-130922-003049',52,30,47,NULL,NULL,1,1,'2022-09-12 22:30:54','2022-09-12 22:30:54'),(48,'dr-140922-111153',53,30,35,NULL,NULL,1,1,'2022-09-14 09:12:00','2022-09-14 09:12:00'),(49,'dr-150922-163031',54,30,40,NULL,NULL,1,0,'2022-09-15 14:30:39','2022-09-17 05:17:46'),(50,'dr-160922-161626',55,30,35,NULL,NULL,1,1,'2022-09-16 14:17:01','2022-09-16 14:17:01'),(51,'dr-190922-105944',57,30,52,NULL,NULL,1,0,'2022-09-19 08:59:54','2022-09-19 09:01:27'),(52,'dr-190922-110929',58,30,52,NULL,NULL,1,1,'2022-09-19 09:09:34','2022-09-19 09:09:34'),(53,'dr-190922-111436',60,30,53,NULL,NULL,1,1,'2022-09-19 09:14:41','2022-09-19 09:14:41'),(54,'dr-200922-084654',56,30,40,NULL,NULL,0,1,'2022-09-20 06:47:02','2022-09-20 06:47:02');
/*!40000 ALTER TABLE `deliveries` ENABLE KEYS */;
UNLOCK TABLES;

--
-- Table structure for table `delivery_statuses`
--

DROP TABLE IF EXISTS `delivery_statuses`;
/*!40101 SET @saved_cs_client     = @@character_set_client */;
/*!40101 SET character_set_client = utf8 */;
CREATE TABLE `delivery_statuses` (
  `id` int(10) unsigned NOT NULL AUTO_INCREMENT,
  `reference_no` varchar(191) COLLATE utf8mb4_unicode_ci NOT NULL,
  `status` varchar(191) COLLATE utf8mb4_unicode_ci NOT NULL,
  `status_date` varchar(191) COLLATE utf8mb4_unicode_ci NOT NULL,
  `created_at` timestamp NULL DEFAULT NULL,
  `updated_at` timestamp NULL DEFAULT NULL,
  PRIMARY KEY (`id`)
) ENGINE=InnoDB AUTO_INCREMENT=160 DEFAULT CHARSET=utf8mb4 COLLATE=utf8mb4_unicode_ci;
/*!40101 SET character_set_client = @saved_cs_client */;

--
-- Dumping data for table `delivery_statuses`
--

LOCK TABLES `delivery_statuses` WRITE;
/*!40000 ALTER TABLE `delivery_statuses` DISABLE KEYS */;
INSERT INTO `delivery_statuses` VALUES (54,'dr-090722-003604','1','09/07/2022 00:36:04','2022-07-08 23:36:11','2022-07-08 23:36:11'),(56,'dr-090722-003604','2','09/07/2022 00:36:56','2022-07-08 23:37:01','2022-07-08 23:37:01'),(57,'dr-090722-003604','9','09/07/2022 00:37:04','2022-07-08 23:37:09','2022-07-08 23:37:09'),(58,'dr-090722-003604','11','09/07/2022 00:37:12','2022-07-08 23:37:16','2022-07-08 23:37:16'),(59,'dr-090722-003604','5','13/07/2022 21:15:53','2022-07-13 20:15:57','2022-07-13 20:15:57'),(60,'dr-090722-003604','3','13/07/2022 21:19:32','2022-07-13 20:19:35','2022-07-13 20:19:35'),(61,'dr-090722-003604','12','13/07/2022 21:23:38','2022-07-13 20:23:44','2022-07-13 20:23:44'),(62,'dr-150722-233456','1','15/07/2022 23:34:56','2022-07-15 22:35:02','2022-07-15 22:35:02'),(63,'dr-150722-233456','2','15/07/2022 23:39:26','2022-07-15 22:39:29','2022-07-15 22:39:29'),(64,'dr-150722-233456','11','15/07/2022 23:39:59','2022-07-15 22:40:07','2022-07-15 22:40:07'),(65,'dr-150722-233456','8','15/07/2022 23:40:27','2022-07-15 22:40:32','2022-07-15 22:40:32'),(66,'dr-150722-233456','11','15/07/2022 23:40:36','2022-07-15 22:40:39','2022-07-15 22:40:39'),(67,'dr-150722-233456','9','15/07/2022 23:40:42','2022-07-15 22:40:45','2022-07-15 22:40:45'),(68,'dr-150722-233456','11','15/07/2022 23:40:48','2022-07-15 22:40:51','2022-07-15 22:40:51'),(69,'dr-160722-001128','1','16/07/2022 00:11:28','2022-07-15 23:11:35','2022-07-15 23:11:35'),(70,'dr-160722-001128','4','16/07/2022 00:19:28','2022-07-15 23:19:33','2022-07-15 23:19:33'),(71,'dr-160722-001128','1','16/07/2022 00:21:01','2022-07-15 23:21:05','2022-07-15 23:21:05'),(72,'dr-160722-001128','4','16/07/2022 00:21:24','2022-07-15 23:21:29','2022-07-15 23:21:29'),(73,'dr-160722-001128','3','29/07/2022 10:29:11','2022-07-29 09:29:15','2022-07-29 09:29:15'),(74,'dr-090722-003604','4','29/07/2022 10:29:39','2022-07-29 09:29:43','2022-07-29 09:29:43'),(75,'dr-150722-233456','5','29/07/2022 10:29:55','2022-07-29 09:30:01','2022-07-29 09:30:01'),(76,'dr-160722-001128','4','29/07/2022 10:39:32','2022-07-29 09:39:36','2022-07-29 09:39:36'),(77,'dr-150722-233456','4','29/07/2022 10:39:40','2022-07-29 09:39:43','2022-07-29 09:39:43'),(78,'dr-160722-001128','5','29/07/2022 10:54:20','2022-07-29 09:54:25','2022-07-29 09:54:25'),(79,'dr-160722-001128','6','29/07/2022 10:54:47','2022-07-29 09:54:57','2022-07-29 09:54:57'),(80,'dr-160722-001128','4','29/07/2022 11:00:58','2022-07-29 10:01:01','2022-07-29 10:01:01'),(81,'dr-160722-001128','3','12/08/2022 09:43:01','2022-08-12 08:43:06','2022-08-12 08:43:06'),(82,'dr-160722-001128','4','21/08/2022 20:30:20','2022-08-21 19:30:23','2022-08-21 19:30:23'),(117,'dr-100922-095603','1','10/09/2022 09:56:03','2022-09-10 07:56:12','2022-09-10 07:56:12'),(118,'dr-100922-095603','4','10/09/2022 09:56:58','2022-09-10 07:57:05','2022-09-10 07:57:05'),(119,'dr-100922-173614','1','10/09/2022 17:36:14','2022-09-10 15:36:21','2022-09-10 15:36:21'),(120,'dr-100922-173614','4','10/09/2022 17:38:30','2022-09-10 15:38:46','2022-09-10 15:38:46'),(121,'dr-100922-175057','1','10/09/2022 17:50:57','2022-09-10 15:51:04','2022-09-10 15:51:04'),(122,'dr-100922-175057','5','10/09/2022 17:52:33','2022-09-10 15:52:43','2022-09-10 15:52:43'),(123,'dr-100922-175057','4','10/09/2022 18:04:09','2022-09-10 16:04:14','2022-09-10 16:04:14'),(124,'dr-110922-180330','4','11/09/2022 18:03:30','2022-09-11 16:03:39','2022-09-11 16:03:39'),(125,'dr-110922-182804','1','11/09/2022 18:28:04','2022-09-11 16:28:12','2022-09-11 16:28:12'),(126,'dr-110922-182837','1','11/09/2022 18:28:37','2022-09-11 16:28:42','2022-09-11 16:28:42'),(127,'dr-110922-182856','1','11/09/2022 18:28:56','2022-09-11 16:29:02','2022-09-11 16:29:02'),(128,'dr-110922-182837','2','11/09/2022 18:30:00','2022-09-11 16:30:39','2022-09-11 16:30:39'),(129,'dr-110922-182804','2','11/09/2022 18:30:56','2022-09-11 16:31:26','2022-09-11 16:31:26'),(130,'dr-110922-190907','4','11/09/2022 19:09:07','2022-09-11 17:09:15','2022-09-11 17:09:15'),(131,'dr-110922-235657','4','11/09/2022 23:56:57','2022-09-11 21:57:03','2022-09-11 21:57:03'),(132,'dr-120922-084501','4','12/09/2022 08:45:01','2022-09-12 06:45:12','2022-09-12 06:45:12'),(133,'dr-120922-105232','1','12/09/2022 10:52:32','2022-09-12 08:52:39','2022-09-12 08:52:39'),(134,'dr-120922-105232','4','12/09/2022 10:53:56','2022-09-12 08:54:13','2022-09-12 08:54:13'),(135,'dr-120922-143003','1','12/09/2022 14:30:03','2022-09-12 12:30:10','2022-09-12 12:30:10'),(136,'dr-120922-143018','1','12/09/2022 14:30:18','2022-09-12 12:30:24','2022-09-12 12:30:24'),(137,'dr-120922-143018','1','12/09/2022 14:30:18','2022-09-12 12:30:24','2022-09-12 12:30:24'),(138,'dr-120922-143032','1','12/09/2022 14:30:32','2022-09-12 12:30:38','2022-09-12 12:30:38'),(139,'dr-120922-143045','1','12/09/2022 14:30:45','2022-09-12 12:30:52','2022-09-12 12:30:52'),(140,'dr-110922-182837','3','12/09/2022 14:32:32','2022-09-12 12:33:31','2022-09-12 12:33:31'),(141,'dr-110922-182837','4','12/09/2022 18:35:47','2022-09-12 16:35:56','2022-09-12 16:35:56'),(142,'dr-110922-182856','4','12/09/2022 20:42:18','2022-09-12 18:42:24','2022-09-12 18:42:24'),(143,'dr-120922-143003','3','12/09/2022 20:42:46','2022-09-12 18:42:51','2022-09-12 18:42:51'),(144,'dr-120922-143045','4','12/09/2022 20:43:04','2022-09-12 18:43:10','2022-09-12 18:43:10'),(145,'dr-120922-143032','5','12/09/2022 20:43:18','2022-09-12 18:43:26','2022-09-12 18:43:26'),(146,'dr-120922-143003','4','12/09/2022 20:43:44','2022-09-12 18:43:50','2022-09-12 18:43:50'),(147,'dr-110922-235657','10','12/09/2022 22:39:48','2022-09-12 20:39:56','2022-09-12 20:39:56'),(148,'dr-110922-182804','4','13/09/2022 00:12:36','2022-09-12 22:12:42','2022-09-12 22:12:42'),(149,'dr-130922-003049','4','13/09/2022 00:30:49','2022-09-12 22:30:54','2022-09-12 22:30:54'),(150,'dr-120922-143018','4','14/09/2022 04:19:50','2022-09-14 02:20:02','2022-09-14 02:20:02'),(151,'dr-140922-111153','4','14/09/2022 11:11:53','2022-09-14 09:12:00','2022-09-14 09:12:00'),(152,'dr-150922-163031','1','15/09/2022 16:30:31','2022-09-15 14:30:39','2022-09-15 14:30:39'),(153,'dr-160922-161626','4','16/09/2022 16:16:26','2022-09-16 14:17:01','2022-09-16 14:17:01'),(154,'dr-150922-163031','4','17/09/2022 07:17:40','2022-09-17 05:17:46','2022-09-17 05:17:46'),(155,'dr-190922-105944','1','19/09/2022 10:59:44','2022-09-19 08:59:54','2022-09-19 08:59:54'),(156,'dr-190922-105944','4','19/09/2022 11:01:09','2022-09-19 09:01:28','2022-09-19 09:01:28'),(157,'dr-190922-110929','4','19/09/2022 11:09:29','2022-09-19 09:09:34','2022-09-19 09:09:34'),(158,'dr-190922-111436','4','19/09/2022 11:14:36','2022-09-19 09:14:41','2022-09-19 09:14:41'),(159,'dr-200922-084654','2','20/09/2022 08:46:54','2022-09-20 06:47:02','2022-09-20 06:47:02');
/*!40000 ALTER TABLE `delivery_statuses` ENABLE KEYS */;
UNLOCK TABLES;

--
-- Table structure for table `departments`
--

DROP TABLE IF EXISTS `departments`;
/*!40101 SET @saved_cs_client     = @@character_set_client */;
/*!40101 SET character_set_client = utf8 */;
CREATE TABLE `departments` (
  `id` int(10) unsigned NOT NULL AUTO_INCREMENT,
  `name` varchar(191) COLLATE utf8mb4_unicode_ci NOT NULL,
  `is_active` tinyint(1) NOT NULL,
  `created_at` timestamp NULL DEFAULT NULL,
  `updated_at` timestamp NULL DEFAULT NULL,
  PRIMARY KEY (`id`)
) ENGINE=InnoDB DEFAULT CHARSET=utf8mb4 COLLATE=utf8mb4_unicode_ci;
/*!40101 SET character_set_client = @saved_cs_client */;

--
-- Dumping data for table `departments`
--

LOCK TABLES `departments` WRITE;
/*!40000 ALTER TABLE `departments` DISABLE KEYS */;
/*!40000 ALTER TABLE `departments` ENABLE KEYS */;
UNLOCK TABLES;

--
-- Table structure for table `deposits`
--

DROP TABLE IF EXISTS `deposits`;
/*!40101 SET @saved_cs_client     = @@character_set_client */;
/*!40101 SET character_set_client = utf8 */;
CREATE TABLE `deposits` (
  `id` int(10) unsigned NOT NULL AUTO_INCREMENT,
  `amount` double NOT NULL,
  `customer_id` int(11) NOT NULL,
  `user_id` int(11) NOT NULL,
  `note` text COLLATE utf8mb4_unicode_ci,
  `created_at` timestamp NULL DEFAULT NULL,
  `updated_at` timestamp NULL DEFAULT NULL,
  PRIMARY KEY (`id`)
) ENGINE=InnoDB DEFAULT CHARSET=utf8mb4 COLLATE=utf8mb4_unicode_ci;
/*!40101 SET character_set_client = @saved_cs_client */;

--
-- Dumping data for table `deposits`
--

LOCK TABLES `deposits` WRITE;
/*!40000 ALTER TABLE `deposits` DISABLE KEYS */;
/*!40000 ALTER TABLE `deposits` ENABLE KEYS */;
UNLOCK TABLES;

--
-- Table structure for table `employees`
--

DROP TABLE IF EXISTS `employees`;
/*!40101 SET @saved_cs_client     = @@character_set_client */;
/*!40101 SET character_set_client = utf8 */;
CREATE TABLE `employees` (
  `id` int(10) unsigned NOT NULL AUTO_INCREMENT,
  `name` varchar(191) COLLATE utf8mb4_unicode_ci NOT NULL,
  `email` varchar(191) COLLATE utf8mb4_unicode_ci NOT NULL,
  `phone_number` varchar(191) COLLATE utf8mb4_unicode_ci NOT NULL,
  `department_id` int(11) NOT NULL,
  `user_id` int(11) DEFAULT NULL,
  `image` varchar(191) COLLATE utf8mb4_unicode_ci DEFAULT NULL,
  `address` varchar(191) COLLATE utf8mb4_unicode_ci DEFAULT NULL,
  `city` varchar(191) COLLATE utf8mb4_unicode_ci DEFAULT NULL,
  `country` varchar(191) COLLATE utf8mb4_unicode_ci DEFAULT NULL,
  `is_active` tinyint(1) NOT NULL,
  `created_at` timestamp NULL DEFAULT NULL,
  `updated_at` timestamp NULL DEFAULT NULL,
  PRIMARY KEY (`id`)
) ENGINE=InnoDB DEFAULT CHARSET=utf8mb4 COLLATE=utf8mb4_unicode_ci;
/*!40101 SET character_set_client = @saved_cs_client */;

--
-- Dumping data for table `employees`
--

LOCK TABLES `employees` WRITE;
/*!40000 ALTER TABLE `employees` DISABLE KEYS */;
/*!40000 ALTER TABLE `employees` ENABLE KEYS */;
UNLOCK TABLES;

--
-- Table structure for table `expense_categories`
--

DROP TABLE IF EXISTS `expense_categories`;
/*!40101 SET @saved_cs_client     = @@character_set_client */;
/*!40101 SET character_set_client = utf8 */;
CREATE TABLE `expense_categories` (
  `id` int(10) unsigned NOT NULL AUTO_INCREMENT,
  `code` varchar(191) COLLATE utf8mb4_unicode_ci NOT NULL,
  `name` varchar(191) COLLATE utf8mb4_unicode_ci NOT NULL,
  `is_active` tinyint(1) NOT NULL,
  `created_at` timestamp NULL DEFAULT NULL,
  `updated_at` timestamp NULL DEFAULT NULL,
  PRIMARY KEY (`id`)
) ENGINE=InnoDB AUTO_INCREMENT=5 DEFAULT CHARSET=utf8mb4 COLLATE=utf8mb4_unicode_ci;
/*!40101 SET character_set_client = @saved_cs_client */;

--
-- Dumping data for table `expense_categories`
--

LOCK TABLES `expense_categories` WRITE;
/*!40000 ALTER TABLE `expense_categories` DISABLE KEYS */;
INSERT INTO `expense_categories` VALUES (1,'90920326','عمال',1,'2022-09-12 22:44:25','2022-09-12 22:44:25'),(2,'03204359','Transport',1,'2022-09-12 22:45:04','2022-09-12 22:45:04'),(3,'09192503','Ads',1,'2022-09-12 22:45:21','2022-09-12 22:45:21'),(4,'82142975','Embalage',1,'2022-09-12 22:45:44','2022-09-12 22:45:44');
/*!40000 ALTER TABLE `expense_categories` ENABLE KEYS */;
UNLOCK TABLES;

--
-- Table structure for table `expenses`
--

DROP TABLE IF EXISTS `expenses`;
/*!40101 SET @saved_cs_client     = @@character_set_client */;
/*!40101 SET character_set_client = utf8 */;
CREATE TABLE `expenses` (
  `id` int(10) unsigned NOT NULL AUTO_INCREMENT,
  `reference_no` varchar(191) COLLATE utf8mb4_unicode_ci NOT NULL,
  `expense_category_id` int(11) NOT NULL,
  `warehouse_id` int(11) NOT NULL,
  `account_id` int(11) NOT NULL,
  `user_id` int(11) NOT NULL,
  `cash_register_id` int(11) DEFAULT NULL,
  `amount` double NOT NULL,
  `note` text COLLATE utf8mb4_unicode_ci,
  `created_at` timestamp NULL DEFAULT NULL,
  `updated_at` timestamp NULL DEFAULT NULL,
  PRIMARY KEY (`id`)
) ENGINE=InnoDB DEFAULT CHARSET=utf8mb4 COLLATE=utf8mb4_unicode_ci;
/*!40101 SET character_set_client = @saved_cs_client */;

--
-- Dumping data for table `expenses`
--

LOCK TABLES `expenses` WRITE;
/*!40000 ALTER TABLE `expenses` DISABLE KEYS */;
/*!40000 ALTER TABLE `expenses` ENABLE KEYS */;
UNLOCK TABLES;

--
-- Table structure for table `failed_jobs`
--

DROP TABLE IF EXISTS `failed_jobs`;
/*!40101 SET @saved_cs_client     = @@character_set_client */;
/*!40101 SET character_set_client = utf8 */;
CREATE TABLE `failed_jobs` (
  `id` bigint(20) unsigned NOT NULL AUTO_INCREMENT,
  `connection` text COLLATE utf8mb4_unicode_ci NOT NULL,
  `queue` text COLLATE utf8mb4_unicode_ci NOT NULL,
  `payload` longtext COLLATE utf8mb4_unicode_ci NOT NULL,
  `exception` longtext COLLATE utf8mb4_unicode_ci NOT NULL,
  `failed_at` timestamp NOT NULL DEFAULT CURRENT_TIMESTAMP,
  PRIMARY KEY (`id`)
) ENGINE=InnoDB DEFAULT CHARSET=utf8mb4 COLLATE=utf8mb4_unicode_ci;
/*!40101 SET character_set_client = @saved_cs_client */;

--
-- Dumping data for table `failed_jobs`
--

LOCK TABLES `failed_jobs` WRITE;
/*!40000 ALTER TABLE `failed_jobs` DISABLE KEYS */;
/*!40000 ALTER TABLE `failed_jobs` ENABLE KEYS */;
UNLOCK TABLES;

--
-- Table structure for table `general_settings`
--

DROP TABLE IF EXISTS `general_settings`;
/*!40101 SET @saved_cs_client     = @@character_set_client */;
/*!40101 SET character_set_client = utf8 */;
CREATE TABLE `general_settings` (
  `id` int(10) unsigned NOT NULL AUTO_INCREMENT,
  `site_title` varchar(191) COLLATE utf8mb4_unicode_ci NOT NULL,
  `site_logo` varchar(191) COLLATE utf8mb4_unicode_ci DEFAULT NULL,
  `currency` varchar(191) COLLATE utf8mb4_unicode_ci NOT NULL,
  `livraison` int(11) NOT NULL,
  `min_withdraw` int(11) NOT NULL,
  `staff_access` varchar(191) COLLATE utf8mb4_unicode_ci NOT NULL,
  `date_format` varchar(191) COLLATE utf8mb4_unicode_ci NOT NULL,
  `developed_by` varchar(191) COLLATE utf8mb4_unicode_ci DEFAULT NULL,
  `invoice_format` varchar(191) COLLATE utf8mb4_unicode_ci DEFAULT NULL,
  `state` int(11) DEFAULT NULL,
  `theme` varchar(191) COLLATE utf8mb4_unicode_ci NOT NULL,
  `created_at` timestamp NULL DEFAULT NULL,
  `updated_at` timestamp NULL DEFAULT NULL,
  `currency_position` varchar(191) COLLATE utf8mb4_unicode_ci NOT NULL,
  PRIMARY KEY (`id`)
) ENGINE=InnoDB AUTO_INCREMENT=2 DEFAULT CHARSET=utf8mb4 COLLATE=utf8mb4_unicode_ci;
/*!40101 SET character_set_client = @saved_cs_client */;

--
-- Dumping data for table `general_settings`
--

LOCK TABLES `general_settings` WRITE;
/*!40000 ALTER TABLE `general_settings` DISABLE KEYS */;
INSERT INTO `general_settings` VALUES (1,'YoVente','20220102040718.png','2',50,100,'own','d-m-Y','T@R!K','standard',1,'default.css','2018-07-06 06:13:11','2022-09-14 09:12:45','suffix');
/*!40000 ALTER TABLE `general_settings` ENABLE KEYS */;
UNLOCK TABLES;

--
-- Table structure for table `gift_card_recharges`
--

DROP TABLE IF EXISTS `gift_card_recharges`;
/*!40101 SET @saved_cs_client     = @@character_set_client */;
/*!40101 SET character_set_client = utf8 */;
CREATE TABLE `gift_card_recharges` (
  `id` int(10) unsigned NOT NULL AUTO_INCREMENT,
  `gift_card_id` int(11) NOT NULL,
  `amount` double NOT NULL,
  `user_id` int(11) NOT NULL,
  `created_at` timestamp NULL DEFAULT NULL,
  `updated_at` timestamp NULL DEFAULT NULL,
  PRIMARY KEY (`id`)
) ENGINE=InnoDB DEFAULT CHARSET=utf8mb4 COLLATE=utf8mb4_unicode_ci;
/*!40101 SET character_set_client = @saved_cs_client */;

--
-- Dumping data for table `gift_card_recharges`
--

LOCK TABLES `gift_card_recharges` WRITE;
/*!40000 ALTER TABLE `gift_card_recharges` DISABLE KEYS */;
/*!40000 ALTER TABLE `gift_card_recharges` ENABLE KEYS */;
UNLOCK TABLES;

--
-- Table structure for table `gift_cards`
--

DROP TABLE IF EXISTS `gift_cards`;
/*!40101 SET @saved_cs_client     = @@character_set_client */;
/*!40101 SET character_set_client = utf8 */;
CREATE TABLE `gift_cards` (
  `id` int(10) unsigned NOT NULL AUTO_INCREMENT,
  `card_no` varchar(191) COLLATE utf8mb4_unicode_ci NOT NULL,
  `amount` double NOT NULL,
  `expense` double NOT NULL,
  `customer_id` int(11) DEFAULT NULL,
  `user_id` int(11) DEFAULT NULL,
  `expired_date` date DEFAULT NULL,
  `created_by` int(11) NOT NULL,
  `is_active` tinyint(1) NOT NULL,
  `created_at` timestamp NULL DEFAULT NULL,
  `updated_at` timestamp NULL DEFAULT NULL,
  PRIMARY KEY (`id`)
) ENGINE=InnoDB DEFAULT CHARSET=utf8mb4 COLLATE=utf8mb4_unicode_ci;
/*!40101 SET character_set_client = @saved_cs_client */;

--
-- Dumping data for table `gift_cards`
--

LOCK TABLES `gift_cards` WRITE;
/*!40000 ALTER TABLE `gift_cards` DISABLE KEYS */;
/*!40000 ALTER TABLE `gift_cards` ENABLE KEYS */;
UNLOCK TABLES;

--
-- Table structure for table `holidays`
--

DROP TABLE IF EXISTS `holidays`;
/*!40101 SET @saved_cs_client     = @@character_set_client */;
/*!40101 SET character_set_client = utf8 */;
CREATE TABLE `holidays` (
  `id` int(10) unsigned NOT NULL AUTO_INCREMENT,
  `user_id` int(11) NOT NULL,
  `from_date` date NOT NULL,
  `to_date` date NOT NULL,
  `note` text COLLATE utf8mb4_unicode_ci,
  `is_approved` tinyint(1) NOT NULL,
  `created_at` timestamp NULL DEFAULT NULL,
  `updated_at` timestamp NULL DEFAULT NULL,
  PRIMARY KEY (`id`)
) ENGINE=InnoDB DEFAULT CHARSET=utf8mb4 COLLATE=utf8mb4_unicode_ci;
/*!40101 SET character_set_client = @saved_cs_client */;

--
-- Dumping data for table `holidays`
--

LOCK TABLES `holidays` WRITE;
/*!40000 ALTER TABLE `holidays` DISABLE KEYS */;
/*!40000 ALTER TABLE `holidays` ENABLE KEYS */;
UNLOCK TABLES;

--
-- Table structure for table `hrm_settings`
--

DROP TABLE IF EXISTS `hrm_settings`;
/*!40101 SET @saved_cs_client     = @@character_set_client */;
/*!40101 SET character_set_client = utf8 */;
CREATE TABLE `hrm_settings` (
  `id` int(10) unsigned NOT NULL AUTO_INCREMENT,
  `checkin` varchar(191) COLLATE utf8mb4_unicode_ci NOT NULL,
  `checkout` varchar(191) COLLATE utf8mb4_unicode_ci NOT NULL,
  `created_at` timestamp NULL DEFAULT NULL,
  `updated_at` timestamp NULL DEFAULT NULL,
  PRIMARY KEY (`id`)
) ENGINE=InnoDB DEFAULT CHARSET=utf8mb4 COLLATE=utf8mb4_unicode_ci;
/*!40101 SET character_set_client = @saved_cs_client */;

--
-- Dumping data for table `hrm_settings`
--

LOCK TABLES `hrm_settings` WRITE;
/*!40000 ALTER TABLE `hrm_settings` DISABLE KEYS */;
/*!40000 ALTER TABLE `hrm_settings` ENABLE KEYS */;
UNLOCK TABLES;

--
-- Table structure for table `languages`
--

DROP TABLE IF EXISTS `languages`;
/*!40101 SET @saved_cs_client     = @@character_set_client */;
/*!40101 SET character_set_client = utf8 */;
CREATE TABLE `languages` (
  `id` int(10) unsigned NOT NULL AUTO_INCREMENT,
  `code` varchar(191) COLLATE utf8mb4_unicode_ci NOT NULL,
  `created_at` timestamp NULL DEFAULT NULL,
  `updated_at` timestamp NULL DEFAULT NULL,
  PRIMARY KEY (`id`)
) ENGINE=InnoDB AUTO_INCREMENT=2 DEFAULT CHARSET=utf8mb4 COLLATE=utf8mb4_unicode_ci;
/*!40101 SET character_set_client = @saved_cs_client */;

--
-- Dumping data for table `languages`
--

LOCK TABLES `languages` WRITE;
/*!40000 ALTER TABLE `languages` DISABLE KEYS */;
INSERT INTO `languages` VALUES (1,'en','2018-07-07 22:59:17','2019-12-24 17:34:20');
/*!40000 ALTER TABLE `languages` ENABLE KEYS */;
UNLOCK TABLES;

--
-- Table structure for table `migrations`
--

DROP TABLE IF EXISTS `migrations`;
/*!40101 SET @saved_cs_client     = @@character_set_client */;
/*!40101 SET character_set_client = utf8 */;
CREATE TABLE `migrations` (
  `id` int(10) unsigned NOT NULL AUTO_INCREMENT,
  `migration` varchar(191) COLLATE utf8mb4_unicode_ci NOT NULL,
  `batch` int(11) NOT NULL,
  PRIMARY KEY (`id`)
) ENGINE=InnoDB AUTO_INCREMENT=167 DEFAULT CHARSET=utf8mb4 COLLATE=utf8mb4_unicode_ci;
/*!40101 SET character_set_client = @saved_cs_client */;

--
-- Dumping data for table `migrations`
--

LOCK TABLES `migrations` WRITE;
/*!40000 ALTER TABLE `migrations` DISABLE KEYS */;
INSERT INTO `migrations` VALUES (1,'2014_10_12_000000_create_users_table',1),(2,'2014_10_12_100000_create_password_resets_table',1),(3,'2018_02_17_060412_create_categories_table',1),(4,'2018_02_20_035727_create_brands_table',1),(5,'2018_02_25_100635_create_suppliers_table',1),(6,'2018_02_27_101619_create_warehouse_table',1),(7,'2018_03_03_040448_create_units_table',1),(8,'2018_03_04_041317_create_taxes_table',1),(9,'2018_03_10_061915_create_customer_groups_table',1),(10,'2018_03_10_090534_create_customers_table',1),(11,'2018_03_11_095547_create_billers_table',1),(12,'2018_04_05_054401_create_products_table',1),(13,'2018_04_06_133606_create_purchases_table',1),(14,'2018_04_06_154600_create_product_purchases_table',1),(15,'2018_04_06_154915_create_product_warhouse_table',1),(16,'2018_04_10_085927_create_sales_table',1),(17,'2018_04_10_090133_create_product_sales_table',1),(18,'2018_04_10_090254_create_payments_table',1),(19,'2018_04_10_090341_create_payment_with_cheque_table',1),(20,'2018_04_10_090509_create_payment_with_credit_card_table',1),(21,'2018_04_13_121436_create_quotation_table',1),(22,'2018_04_13_122324_create_product_quotation_table',1),(23,'2018_04_14_121802_create_transfers_table',1),(24,'2018_04_14_121913_create_product_transfer_table',1),(25,'2018_05_13_082847_add_payment_id_and_change_sale_id_to_payments_table',2),(26,'2018_05_13_090906_change_customer_id_to_payment_with_credit_card_table',3),(27,'2018_05_20_054532_create_adjustments_table',4),(28,'2018_05_20_054859_create_product_adjustments_table',4),(29,'2018_05_21_163419_create_returns_table',5),(30,'2018_05_21_163443_create_product_returns_table',5),(31,'2018_06_02_050905_create_roles_table',6),(32,'2018_06_02_073430_add_columns_to_users_table',7),(33,'2018_06_03_053738_create_permission_tables',8),(36,'2018_06_21_063736_create_pos_setting_table',9),(37,'2018_06_21_094155_add_user_id_to_sales_table',10),(38,'2018_06_21_101529_add_user_id_to_purchases_table',11),(39,'2018_06_21_103512_add_user_id_to_transfers_table',12),(40,'2018_06_23_061058_add_user_id_to_quotations_table',13),(41,'2018_06_23_082427_add_is_deleted_to_users_table',14),(42,'2018_06_25_043308_change_email_to_users_table',15),(43,'2018_07_06_115449_create_general_settings_table',16),(44,'2018_07_08_043944_create_languages_table',17),(45,'2018_07_11_102144_add_user_id_to_returns_table',18),(46,'2018_07_11_102334_add_user_id_to_payments_table',18),(47,'2018_07_22_130541_add_digital_to_products_table',19),(49,'2018_07_24_154250_create_deliveries_table',20),(50,'2018_08_16_053336_create_expense_categories_table',21),(51,'2018_08_17_115415_create_expenses_table',22),(55,'2018_08_18_050418_create_gift_cards_table',23),(56,'2018_08_19_063119_create_payment_with_gift_card_table',24),(57,'2018_08_25_042333_create_gift_card_recharges_table',25),(58,'2018_08_25_101354_add_deposit_expense_to_customers_table',26),(59,'2018_08_26_043801_create_deposits_table',27),(60,'2018_09_02_044042_add_keybord_active_to_pos_setting_table',28),(61,'2018_09_09_092713_create_payment_with_paypal_table',29),(62,'2018_09_10_051254_add_currency_to_general_settings_table',30),(63,'2018_10_22_084118_add_biller_and_store_id_to_users_table',31),(65,'2018_10_26_034927_create_coupons_table',32),(66,'2018_10_27_090857_add_coupon_to_sales_table',33),(67,'2018_11_07_070155_add_currency_position_to_general_settings_table',34),(68,'2018_11_19_094650_add_combo_to_products_table',35),(69,'2018_12_09_043712_create_accounts_table',36),(70,'2018_12_17_112253_add_is_default_to_accounts_table',37),(71,'2018_12_19_103941_add_account_id_to_payments_table',38),(72,'2018_12_20_065900_add_account_id_to_expenses_table',39),(73,'2018_12_20_082753_add_account_id_to_returns_table',40),(74,'2018_12_26_064330_create_return_purchases_table',41),(75,'2018_12_26_144210_create_purchase_product_return_table',42),(76,'2018_12_26_144708_create_purchase_product_return_table',43),(77,'2018_12_27_110018_create_departments_table',44),(78,'2018_12_30_054844_create_employees_table',45),(79,'2018_12_31_125210_create_payrolls_table',46),(80,'2018_12_31_150446_add_department_id_to_employees_table',47),(81,'2019_01_01_062708_add_user_id_to_expenses_table',48),(82,'2019_01_02_075644_create_hrm_settings_table',49),(83,'2019_01_02_090334_create_attendances_table',50),(84,'2019_01_27_160956_add_three_columns_to_general_settings_table',51),(85,'2019_02_15_183303_create_stock_counts_table',52),(86,'2019_02_17_101604_add_is_adjusted_to_stock_counts_table',53),(87,'2019_04_13_101707_add_tax_no_to_customers_table',54),(89,'2019_10_14_111455_create_holidays_table',55),(90,'2019_11_13_145619_add_is_variant_to_products_table',56),(91,'2019_11_13_150206_create_product_variants_table',57),(92,'2019_11_13_153828_create_variants_table',57),(93,'2019_11_25_134041_add_qty_to_product_variants_table',58),(94,'2019_11_25_134922_add_variant_id_to_product_purchases_table',58),(95,'2019_11_25_145341_add_variant_id_to_product_warehouse_table',58),(96,'2019_11_29_182201_add_variant_id_to_product_sales_table',59),(97,'2019_12_04_121311_add_variant_id_to_product_quotation_table',60),(98,'2019_12_05_123802_add_variant_id_to_product_transfer_table',61),(100,'2019_12_08_114954_add_variant_id_to_product_returns_table',62),(101,'2019_12_08_203146_add_variant_id_to_purchase_product_return_table',63),(102,'2020_02_28_103340_create_money_transfers_table',64),(103,'2020_07_01_193151_add_image_to_categories_table',65),(105,'2020_09_26_130426_add_user_id_to_deliveries_table',66),(107,'2020_10_11_125457_create_cash_registers_table',67),(108,'2020_10_13_155019_add_cash_register_id_to_sales_table',68),(109,'2020_10_13_172624_add_cash_register_id_to_returns_table',69),(110,'2020_10_17_212338_add_cash_register_id_to_payments_table',70),(111,'2020_10_18_124200_add_cash_register_id_to_expenses_table',71),(112,'2020_10_21_121632_add_developed_by_to_general_settings_table',72),(113,'2019_08_19_000000_create_failed_jobs_table',73),(114,'2020_10_30_135557_create_notifications_table',73),(115,'2020_11_01_044954_create_currencies_table',74),(116,'2020_11_01_140736_add_price_to_product_warehouse_table',75),(117,'2020_11_02_050633_add_is_diff_price_to_products_table',76),(118,'2020_11_09_055222_add_user_id_to_customers_table',77),(119,'2020_11_17_054806_add_invoice_format_to_general_settings_table',78),(120,'2021_02_10_074859_add_variant_id_to_product_adjustments_table',79),(121,'2021_03_07_093606_create_product_batches_table',80),(122,'2021_03_07_093759_add_product_batch_id_to_product_warehouse_table',80),(123,'2021_03_07_093900_add_product_batch_id_to_product_purchases_table',80),(124,'2021_03_11_132603_add_product_batch_id_to_product_sales_table',81),(127,'2021_03_25_125421_add_is_batch_to_products_table',82),(128,'2021_05_19_120127_add_product_batch_id_to_product_returns_table',82),(130,'2021_05_22_105611_add_product_batch_id_to_purchase_product_return_table',83),(131,'2021_05_23_124848_add_product_batch_id_to_product_transfer_table',84),(132,'2021_05_26_153106_add_product_batch_id_to_product_quotation_table',85),(134,'2022_01_03_205841_add_livraison_to_general_settings_table',86),(135,'2022_01_06_181753_add_livraison_to_sales_table',87),(136,'2022_01_06_182916_add_original_price_to_product_sales_table',88),(142,'2022_01_16_181335_add_packing_delivering_delivered_to_deliveries_table',89),(143,'2022_01_31_113821_add_fullname_to_users_table',90),(144,'2022_02_02_095123_add_bank_settings_to_users_table',91),(146,'2022_02_02_105659_add_created_by_to_customers_table',92),(148,'2022_02_03_093218_add_min_withdraw_to_general_settings_table',93),(149,'2022_02_03_101436_create_withdraws_table',94),(150,'2022_02_04_174247_rename_withdraws_table',95),(152,'2022_02_04_212528_add_is_paid_to_withdrawals_table',96),(153,'2022_02_09_202841_add_is_valide_to_sales_table',97),(154,'2022_05_09_220616_create_cities_table',98),(155,'2022_05_16_092535_add_customer_data_to_sales_table',99),(156,'2022_05_16_094339_remove_fields_to_sales_table',100),(157,'2022_06_17_095121_remove_fields_to_deliveries_table',101),(158,'2022_06_17_100938_create_delivery_statuses_table',102),(159,'2022_06_27_204034_add_status_date_to_delivery_statuses_table',103),(160,'2022_07_08_010413_remove_motif_to_delivery_statuses_table',104),(161,'2022_07_15_234743_add_is_close_to_deliveries_table',105),(162,'2022_07_29_102102_add_delivery_status_to_sales_table',106),(163,'2022_08_12_105217_create_tickets_table',107),(164,'2022_08_12_105647_create_comments_table',108),(165,'2022_08_12_105723_create_cat_tickets_table',109),(166,'2022_09_20_224609_add_discount_to_users_table',110);
/*!40000 ALTER TABLE `migrations` ENABLE KEYS */;
UNLOCK TABLES;

--
-- Table structure for table `money_transfers`
--

DROP TABLE IF EXISTS `money_transfers`;
/*!40101 SET @saved_cs_client     = @@character_set_client */;
/*!40101 SET character_set_client = utf8 */;
CREATE TABLE `money_transfers` (
  `id` int(10) unsigned NOT NULL AUTO_INCREMENT,
  `reference_no` varchar(191) COLLATE utf8mb4_unicode_ci NOT NULL,
  `from_account_id` int(11) NOT NULL,
  `to_account_id` int(11) NOT NULL,
  `amount` double NOT NULL,
  `created_at` timestamp NULL DEFAULT NULL,
  `updated_at` timestamp NULL DEFAULT NULL,
  PRIMARY KEY (`id`)
) ENGINE=InnoDB DEFAULT CHARSET=utf8mb4 COLLATE=utf8mb4_unicode_ci;
/*!40101 SET character_set_client = @saved_cs_client */;

--
-- Dumping data for table `money_transfers`
--

LOCK TABLES `money_transfers` WRITE;
/*!40000 ALTER TABLE `money_transfers` DISABLE KEYS */;
/*!40000 ALTER TABLE `money_transfers` ENABLE KEYS */;
UNLOCK TABLES;

--
-- Table structure for table `notifications`
--

DROP TABLE IF EXISTS `notifications`;
/*!40101 SET @saved_cs_client     = @@character_set_client */;
/*!40101 SET character_set_client = utf8 */;
CREATE TABLE `notifications` (
  `id` char(36) COLLATE utf8mb4_unicode_ci NOT NULL,
  `type` varchar(191) COLLATE utf8mb4_unicode_ci NOT NULL,
  `notifiable_type` varchar(191) COLLATE utf8mb4_unicode_ci NOT NULL,
  `notifiable_id` bigint(20) unsigned NOT NULL,
  `data` text COLLATE utf8mb4_unicode_ci NOT NULL,
  `read_at` timestamp NULL DEFAULT NULL,
  `created_at` timestamp NULL DEFAULT NULL,
  `updated_at` timestamp NULL DEFAULT NULL,
  PRIMARY KEY (`id`),
  KEY `notifications_notifiable_type_notifiable_id_index` (`notifiable_type`,`notifiable_id`)
) ENGINE=InnoDB DEFAULT CHARSET=utf8mb4 COLLATE=utf8mb4_unicode_ci;
/*!40101 SET character_set_client = @saved_cs_client */;

--
-- Dumping data for table `notifications`
--

LOCK TABLES `notifications` WRITE;
/*!40000 ALTER TABLE `notifications` DISABLE KEYS */;
/*!40000 ALTER TABLE `notifications` ENABLE KEYS */;
UNLOCK TABLES;

--
-- Table structure for table `password_resets`
--

DROP TABLE IF EXISTS `password_resets`;
/*!40101 SET @saved_cs_client     = @@character_set_client */;
/*!40101 SET character_set_client = utf8 */;
CREATE TABLE `password_resets` (
  `email` varchar(191) COLLATE utf8mb4_unicode_ci NOT NULL,
  `token` varchar(191) COLLATE utf8mb4_unicode_ci NOT NULL,
  `created_at` timestamp NULL DEFAULT NULL,
  KEY `password_resets_email_index` (`email`)
) ENGINE=InnoDB DEFAULT CHARSET=utf8mb4 COLLATE=utf8mb4_unicode_ci;
/*!40101 SET character_set_client = @saved_cs_client */;

--
-- Dumping data for table `password_resets`
--

LOCK TABLES `password_resets` WRITE;
/*!40000 ALTER TABLE `password_resets` DISABLE KEYS */;
/*!40000 ALTER TABLE `password_resets` ENABLE KEYS */;
UNLOCK TABLES;

--
-- Table structure for table `payment_with_cheque`
--

DROP TABLE IF EXISTS `payment_with_cheque`;
/*!40101 SET @saved_cs_client     = @@character_set_client */;
/*!40101 SET character_set_client = utf8 */;
CREATE TABLE `payment_with_cheque` (
  `id` int(10) unsigned NOT NULL AUTO_INCREMENT,
  `payment_id` int(11) NOT NULL,
  `cheque_no` varchar(191) COLLATE utf8mb4_unicode_ci NOT NULL,
  `created_at` timestamp NULL DEFAULT NULL,
  `updated_at` timestamp NULL DEFAULT NULL,
  PRIMARY KEY (`id`)
) ENGINE=InnoDB DEFAULT CHARSET=utf8mb4 COLLATE=utf8mb4_unicode_ci;
/*!40101 SET character_set_client = @saved_cs_client */;

--
-- Dumping data for table `payment_with_cheque`
--

LOCK TABLES `payment_with_cheque` WRITE;
/*!40000 ALTER TABLE `payment_with_cheque` DISABLE KEYS */;
/*!40000 ALTER TABLE `payment_with_cheque` ENABLE KEYS */;
UNLOCK TABLES;

--
-- Table structure for table `payment_with_credit_card`
--

DROP TABLE IF EXISTS `payment_with_credit_card`;
/*!40101 SET @saved_cs_client     = @@character_set_client */;
/*!40101 SET character_set_client = utf8 */;
CREATE TABLE `payment_with_credit_card` (
  `id` int(10) unsigned NOT NULL AUTO_INCREMENT,
  `payment_id` int(11) NOT NULL,
  `customer_id` int(11) DEFAULT NULL,
  `customer_stripe_id` varchar(191) COLLATE utf8mb4_unicode_ci DEFAULT NULL,
  `charge_id` varchar(191) COLLATE utf8mb4_unicode_ci NOT NULL,
  `created_at` timestamp NULL DEFAULT NULL,
  `updated_at` timestamp NULL DEFAULT NULL,
  PRIMARY KEY (`id`)
) ENGINE=InnoDB DEFAULT CHARSET=utf8mb4 COLLATE=utf8mb4_unicode_ci;
/*!40101 SET character_set_client = @saved_cs_client */;

--
-- Dumping data for table `payment_with_credit_card`
--

LOCK TABLES `payment_with_credit_card` WRITE;
/*!40000 ALTER TABLE `payment_with_credit_card` DISABLE KEYS */;
/*!40000 ALTER TABLE `payment_with_credit_card` ENABLE KEYS */;
UNLOCK TABLES;

--
-- Table structure for table `payment_with_gift_card`
--

DROP TABLE IF EXISTS `payment_with_gift_card`;
/*!40101 SET @saved_cs_client     = @@character_set_client */;
/*!40101 SET character_set_client = utf8 */;
CREATE TABLE `payment_with_gift_card` (
  `id` int(10) unsigned NOT NULL AUTO_INCREMENT,
  `payment_id` int(11) NOT NULL,
  `gift_card_id` int(11) NOT NULL,
  `created_at` timestamp NULL DEFAULT NULL,
  `updated_at` timestamp NULL DEFAULT NULL,
  PRIMARY KEY (`id`)
) ENGINE=InnoDB DEFAULT CHARSET=utf8mb4 COLLATE=utf8mb4_unicode_ci;
/*!40101 SET character_set_client = @saved_cs_client */;

--
-- Dumping data for table `payment_with_gift_card`
--

LOCK TABLES `payment_with_gift_card` WRITE;
/*!40000 ALTER TABLE `payment_with_gift_card` DISABLE KEYS */;
/*!40000 ALTER TABLE `payment_with_gift_card` ENABLE KEYS */;
UNLOCK TABLES;

--
-- Table structure for table `payment_with_paypal`
--

DROP TABLE IF EXISTS `payment_with_paypal`;
/*!40101 SET @saved_cs_client     = @@character_set_client */;
/*!40101 SET character_set_client = utf8 */;
CREATE TABLE `payment_with_paypal` (
  `id` int(10) unsigned NOT NULL AUTO_INCREMENT,
  `payment_id` int(11) NOT NULL,
  `transaction_id` varchar(191) COLLATE utf8mb4_unicode_ci NOT NULL,
  `created_at` timestamp NULL DEFAULT NULL,
  `updated_at` timestamp NULL DEFAULT NULL,
  PRIMARY KEY (`id`)
) ENGINE=InnoDB DEFAULT CHARSET=utf8mb4 COLLATE=utf8mb4_unicode_ci;
/*!40101 SET character_set_client = @saved_cs_client */;

--
-- Dumping data for table `payment_with_paypal`
--

LOCK TABLES `payment_with_paypal` WRITE;
/*!40000 ALTER TABLE `payment_with_paypal` DISABLE KEYS */;
/*!40000 ALTER TABLE `payment_with_paypal` ENABLE KEYS */;
UNLOCK TABLES;

--
-- Table structure for table `payments`
--

DROP TABLE IF EXISTS `payments`;
/*!40101 SET @saved_cs_client     = @@character_set_client */;
/*!40101 SET character_set_client = utf8 */;
CREATE TABLE `payments` (
  `id` int(10) unsigned NOT NULL AUTO_INCREMENT,
  `payment_reference` varchar(191) COLLATE utf8mb4_unicode_ci NOT NULL,
  `user_id` int(11) NOT NULL,
  `purchase_id` int(11) DEFAULT NULL,
  `sale_id` int(11) DEFAULT NULL,
  `cash_register_id` int(11) DEFAULT NULL,
  `account_id` int(11) DEFAULT NULL,
  `amount` double NOT NULL,
  `change` double NOT NULL,
  `paying_method` varchar(191) COLLATE utf8mb4_unicode_ci NOT NULL,
  `payment_note` text COLLATE utf8mb4_unicode_ci,
  `created_at` timestamp NULL DEFAULT NULL,
  `updated_at` timestamp NULL DEFAULT NULL,
  PRIMARY KEY (`id`)
) ENGINE=InnoDB AUTO_INCREMENT=7 DEFAULT CHARSET=utf8mb4 COLLATE=utf8mb4_unicode_ci;
/*!40101 SET character_set_client = @saved_cs_client */;

--
-- Dumping data for table `payments`
--

LOCK TABLES `payments` WRITE;
/*!40000 ALTER TABLE `payments` DISABLE KEYS */;
INSERT INTO `payments` VALUES (4,'ppr-20220824-080804',30,7,NULL,NULL,1,1000,0,'Cash',NULL,'2022-08-24 18:08:04','2022-08-24 18:08:04'),(5,'ppr-20220825-100730',30,8,NULL,NULL,1,10500,0,'Cash',NULL,'2022-08-25 20:07:30','2022-08-25 20:07:30'),(6,'ppr-20220910-081747',30,11,NULL,NULL,1,2128,0,'Cash',NULL,'2022-09-10 06:17:47','2022-09-10 06:17:47');
/*!40000 ALTER TABLE `payments` ENABLE KEYS */;
UNLOCK TABLES;

--
-- Table structure for table `payrolls`
--

DROP TABLE IF EXISTS `payrolls`;
/*!40101 SET @saved_cs_client     = @@character_set_client */;
/*!40101 SET character_set_client = utf8 */;
CREATE TABLE `payrolls` (
  `id` int(10) unsigned NOT NULL AUTO_INCREMENT,
  `reference_no` varchar(191) COLLATE utf8mb4_unicode_ci NOT NULL,
  `employee_id` int(11) NOT NULL,
  `account_id` int(11) NOT NULL,
  `user_id` int(11) NOT NULL,
  `amount` double NOT NULL,
  `paying_method` varchar(191) COLLATE utf8mb4_unicode_ci NOT NULL,
  `note` text COLLATE utf8mb4_unicode_ci,
  `created_at` timestamp NULL DEFAULT NULL,
  `updated_at` timestamp NULL DEFAULT NULL,
  PRIMARY KEY (`id`)
) ENGINE=InnoDB DEFAULT CHARSET=utf8mb4 COLLATE=utf8mb4_unicode_ci;
/*!40101 SET character_set_client = @saved_cs_client */;

--
-- Dumping data for table `payrolls`
--

LOCK TABLES `payrolls` WRITE;
/*!40000 ALTER TABLE `payrolls` DISABLE KEYS */;
/*!40000 ALTER TABLE `payrolls` ENABLE KEYS */;
UNLOCK TABLES;

--
-- Table structure for table `permissions`
--

DROP TABLE IF EXISTS `permissions`;
/*!40101 SET @saved_cs_client     = @@character_set_client */;
/*!40101 SET character_set_client = utf8 */;
CREATE TABLE `permissions` (
  `id` int(10) unsigned NOT NULL AUTO_INCREMENT,
  `name` varchar(191) COLLATE utf8mb4_unicode_ci NOT NULL,
  `guard_name` varchar(191) COLLATE utf8mb4_unicode_ci NOT NULL,
  `created_at` timestamp NULL DEFAULT NULL,
  `updated_at` timestamp NULL DEFAULT NULL,
  PRIMARY KEY (`id`)
) ENGINE=InnoDB AUTO_INCREMENT=110 DEFAULT CHARSET=utf8mb4 COLLATE=utf8mb4_unicode_ci;
/*!40101 SET character_set_client = @saved_cs_client */;

--
-- Dumping data for table `permissions`
--

LOCK TABLES `permissions` WRITE;
/*!40000 ALTER TABLE `permissions` DISABLE KEYS */;
INSERT INTO `permissions` VALUES (4,'products-edit','web','2018-06-03 01:00:09','2018-06-03 01:00:09'),(5,'products-delete','web','2018-06-03 22:54:22','2018-06-03 22:54:22'),(6,'products-add','web','2018-06-04 00:34:14','2018-06-04 00:34:14'),(7,'products-index','web','2018-06-04 03:34:27','2018-06-04 03:34:27'),(8,'purchases-index','web','2018-06-04 08:03:19','2018-06-04 08:03:19'),(9,'purchases-add','web','2018-06-04 08:12:25','2018-06-04 08:12:25'),(10,'purchases-edit','web','2018-06-04 09:47:36','2018-06-04 09:47:36'),(11,'purchases-delete','web','2018-06-04 09:47:36','2018-06-04 09:47:36'),(12,'sales-index','web','2018-06-04 10:49:08','2018-06-04 10:49:08'),(13,'sales-add','web','2018-06-04 10:49:52','2018-06-04 10:49:52'),(14,'sales-edit','web','2018-06-04 10:49:52','2018-06-04 10:49:52'),(15,'sales-delete','web','2018-06-04 10:49:53','2018-06-04 10:49:53'),(16,'quotes-index','web','2018-06-04 22:05:10','2018-06-04 22:05:10'),(17,'quotes-add','web','2018-06-04 22:05:10','2018-06-04 22:05:10'),(18,'quotes-edit','web','2018-06-04 22:05:10','2018-06-04 22:05:10'),(19,'quotes-delete','web','2018-06-04 22:05:10','2018-06-04 22:05:10'),(20,'transfers-index','web','2018-06-04 22:30:03','2018-06-04 22:30:03'),(21,'transfers-add','web','2018-06-04 22:30:03','2018-06-04 22:30:03'),(22,'transfers-edit','web','2018-06-04 22:30:03','2018-06-04 22:30:03'),(23,'transfers-delete','web','2018-06-04 22:30:03','2018-06-04 22:30:03'),(24,'returns-index','web','2018-06-04 22:50:24','2018-06-04 22:50:24'),(25,'returns-add','web','2018-06-04 22:50:24','2018-06-04 22:50:24'),(26,'returns-edit','web','2018-06-04 22:50:25','2018-06-04 22:50:25'),(27,'returns-delete','web','2018-06-04 22:50:25','2018-06-04 22:50:25'),(28,'customers-index','web','2018-06-04 23:15:54','2018-06-04 23:15:54'),(29,'customers-add','web','2018-06-04 23:15:55','2018-06-04 23:15:55'),(30,'customers-edit','web','2018-06-04 23:15:55','2018-06-04 23:15:55'),(31,'customers-delete','web','2018-06-04 23:15:55','2018-06-04 23:15:55'),(32,'suppliers-index','web','2018-06-04 23:40:12','2018-06-04 23:40:12'),(33,'suppliers-add','web','2018-06-04 23:40:12','2018-06-04 23:40:12'),(34,'suppliers-edit','web','2018-06-04 23:40:12','2018-06-04 23:40:12'),(35,'suppliers-delete','web','2018-06-04 23:40:12','2018-06-04 23:40:12'),(36,'product-report','web','2018-06-24 23:05:33','2018-06-24 23:05:33'),(37,'purchase-report','web','2018-06-24 23:24:56','2018-06-24 23:24:56'),(38,'sale-report','web','2018-06-24 23:33:13','2018-06-24 23:33:13'),(39,'customer-report','web','2018-06-24 23:36:51','2018-06-24 23:36:51'),(40,'due-report','web','2018-06-24 23:39:52','2018-06-24 23:39:52'),(41,'users-index','web','2018-06-25 00:00:10','2018-06-25 00:00:10'),(42,'users-add','web','2018-06-25 00:00:10','2018-06-25 00:00:10'),(43,'users-edit','web','2018-06-25 00:01:30','2018-06-25 00:01:30'),(44,'users-delete','web','2018-06-25 00:01:30','2018-06-25 00:01:30'),(45,'profit-loss','web','2018-07-14 21:50:05','2018-07-14 21:50:05'),(46,'best-seller','web','2018-07-14 22:01:38','2018-07-14 22:01:38'),(47,'daily-sale','web','2018-07-14 22:24:21','2018-07-14 22:24:21'),(48,'monthly-sale','web','2018-07-14 22:30:41','2018-07-14 22:30:41'),(49,'daily-purchase','web','2018-07-14 22:36:46','2018-07-14 22:36:46'),(50,'monthly-purchase','web','2018-07-14 22:48:17','2018-07-14 22:48:17'),(51,'payment-report','web','2018-07-14 23:10:41','2018-07-14 23:10:41'),(52,'warehouse-stock-report','web','2018-07-14 23:16:55','2018-07-14 23:16:55'),(53,'product-qty-alert','web','2018-07-14 23:33:21','2018-07-14 23:33:21'),(54,'supplier-report','web','2018-07-30 03:00:01','2018-07-30 03:00:01'),(55,'expenses-index','web','2018-09-05 01:07:10','2018-09-05 01:07:10'),(56,'expenses-add','web','2018-09-05 01:07:10','2018-09-05 01:07:10'),(57,'expenses-edit','web','2018-09-05 01:07:10','2018-09-05 01:07:10'),(58,'expenses-delete','web','2018-09-05 01:07:11','2018-09-05 01:07:11'),(59,'general_setting','web','2018-10-19 23:10:04','2018-10-19 23:10:04'),(60,'mail_setting','web','2018-10-19 23:10:04','2018-10-19 23:10:04'),(61,'pos_setting','web','2018-10-19 23:10:04','2018-10-19 23:10:04'),(62,'hrm_setting','web','2019-01-02 10:30:23','2019-01-02 10:30:23'),(63,'purchase-return-index','web','2019-01-02 21:45:14','2019-01-02 21:45:14'),(64,'purchase-return-add','web','2019-01-02 21:45:14','2019-01-02 21:45:14'),(65,'purchase-return-edit','web','2019-01-02 21:45:14','2019-01-02 21:45:14'),(66,'purchase-return-delete','web','2019-01-02 21:45:14','2019-01-02 21:45:14'),(67,'account-index','web','2019-01-02 22:06:13','2019-01-02 22:06:13'),(68,'balance-sheet','web','2019-01-02 22:06:14','2019-01-02 22:06:14'),(69,'account-statement','web','2019-01-02 22:06:14','2019-01-02 22:06:14'),(70,'department','web','2019-01-02 22:30:01','2019-01-02 22:30:01'),(71,'attendance','web','2019-01-02 22:30:01','2019-01-02 22:30:01'),(72,'payroll','web','2019-01-02 22:30:01','2019-01-02 22:30:01'),(73,'employees-index','web','2019-01-02 22:52:19','2019-01-02 22:52:19'),(74,'employees-add','web','2019-01-02 22:52:19','2019-01-02 22:52:19'),(75,'employees-edit','web','2019-01-02 22:52:19','2019-01-02 22:52:19'),(76,'employees-delete','web','2019-01-02 22:52:19','2019-01-02 22:52:19'),(77,'user-report','web','2019-01-16 06:48:18','2019-01-16 06:48:18'),(78,'stock_count','web','2019-02-17 10:32:01','2019-02-17 10:32:01'),(79,'adjustment','web','2019-02-17 10:32:02','2019-02-17 10:32:02'),(80,'sms_setting','web','2019-02-22 05:18:03','2019-02-22 05:18:03'),(81,'create_sms','web','2019-02-22 05:18:03','2019-02-22 05:18:03'),(82,'print_barcode','web','2019-03-07 05:02:19','2019-03-07 05:02:19'),(83,'empty_database','web','2019-03-07 05:02:19','2019-03-07 05:02:19'),(84,'customer_group','web','2019-03-07 05:37:15','2019-03-07 05:37:15'),(85,'unit','web','2019-03-07 05:37:15','2019-03-07 05:37:15'),(86,'tax','web','2019-03-07 05:37:15','2019-03-07 05:37:15'),(87,'gift_card','web','2019-03-07 06:29:38','2019-03-07 06:29:38'),(88,'coupon','web','2019-03-07 06:29:38','2019-03-07 06:29:38'),(89,'holiday','web','2019-10-19 08:57:15','2019-10-19 08:57:15'),(90,'warehouse-report','web','2019-10-22 06:00:23','2019-10-22 06:00:23'),(91,'warehouse','web','2020-02-26 06:47:32','2020-02-26 06:47:32'),(92,'brand','web','2020-02-26 06:59:59','2020-02-26 06:59:59'),(93,'billers-index','web','2020-02-26 07:11:15','2020-02-26 07:11:15'),(94,'billers-add','web','2020-02-26 07:11:15','2020-02-26 07:11:15'),(95,'billers-edit','web','2020-02-26 07:11:15','2020-02-26 07:11:15'),(96,'billers-delete','web','2020-02-26 07:11:15','2020-02-26 07:11:15'),(97,'money-transfer','web','2020-03-02 05:41:48','2020-03-02 05:41:48'),(98,'category','web','2020-07-13 12:13:16','2020-07-13 12:13:16'),(99,'delivery','web','2020-07-13 12:13:16','2020-07-13 12:13:16'),(100,'send_notification','web','2020-10-31 06:21:31','2020-10-31 06:21:31'),(101,'today_sale','web','2020-10-31 06:57:04','2020-10-31 06:57:04'),(102,'today_profit','web','2020-10-31 06:57:04','2020-10-31 06:57:04'),(103,'currency','web','2020-11-09 00:23:11','2020-11-09 00:23:11'),(104,'backup_database','web','2020-11-15 00:16:55','2020-11-15 00:16:55'),(105,'withdraw-add','web','2022-02-03 09:10:47','2022-02-03 09:10:49'),(106,'withdraw-edit','web','2022-02-03 09:10:51','2022-02-03 09:10:52'),(107,'withdraw-index','web','2022-02-03 09:11:09','2022-02-03 09:11:11'),(108,'withdraw-delete','web','2022-02-03 09:11:26','2022-02-03 09:11:27'),(109,'tickets-index','web','2022-08-12 10:41:53','2022-08-12 10:41:54');
/*!40000 ALTER TABLE `permissions` ENABLE KEYS */;
UNLOCK TABLES;

--
-- Table structure for table `pos_setting`
--

DROP TABLE IF EXISTS `pos_setting`;
/*!40101 SET @saved_cs_client     = @@character_set_client */;
/*!40101 SET character_set_client = utf8 */;
CREATE TABLE `pos_setting` (
  `id` int(11) NOT NULL,
  `customer_id` int(11) NOT NULL,
  `warehouse_id` int(11) NOT NULL,
  `biller_id` int(11) NOT NULL,
  `product_number` int(11) NOT NULL,
  `keybord_active` tinyint(1) NOT NULL,
  `stripe_public_key` varchar(191) COLLATE utf8mb4_unicode_ci DEFAULT NULL,
  `stripe_secret_key` varchar(191) COLLATE utf8mb4_unicode_ci NOT NULL,
  `created_at` timestamp NULL DEFAULT NULL,
  `updated_at` timestamp NULL DEFAULT NULL,
  UNIQUE KEY `pos_setting_id_unique` (`id`)
) ENGINE=InnoDB DEFAULT CHARSET=utf8mb4 COLLATE=utf8mb4_unicode_ci;
/*!40101 SET character_set_client = @saved_cs_client */;

--
-- Dumping data for table `pos_setting`
--

LOCK TABLES `pos_setting` WRITE;
/*!40000 ALTER TABLE `pos_setting` DISABLE KEYS */;
INSERT INTO `pos_setting` VALUES (1,1,1,1,3,1,'Stripe_Publishable_key','Stripe_Secret_key','2022-01-07 22:32:23','2022-01-07 22:32:23');
/*!40000 ALTER TABLE `pos_setting` ENABLE KEYS */;
UNLOCK TABLES;

--
-- Table structure for table `product_adjustments`
--

DROP TABLE IF EXISTS `product_adjustments`;
/*!40101 SET @saved_cs_client     = @@character_set_client */;
/*!40101 SET character_set_client = utf8 */;
CREATE TABLE `product_adjustments` (
  `id` int(10) unsigned NOT NULL AUTO_INCREMENT,
  `adjustment_id` int(11) NOT NULL,
  `product_id` int(11) NOT NULL,
  `variant_id` int(11) DEFAULT NULL,
  `qty` double NOT NULL,
  `action` varchar(191) COLLATE utf8mb4_unicode_ci NOT NULL,
  `created_at` timestamp NULL DEFAULT NULL,
  `updated_at` timestamp NULL DEFAULT NULL,
  PRIMARY KEY (`id`)
) ENGINE=InnoDB DEFAULT CHARSET=utf8mb4 COLLATE=utf8mb4_unicode_ci;
/*!40101 SET character_set_client = @saved_cs_client */;

--
-- Dumping data for table `product_adjustments`
--

LOCK TABLES `product_adjustments` WRITE;
/*!40000 ALTER TABLE `product_adjustments` DISABLE KEYS */;
/*!40000 ALTER TABLE `product_adjustments` ENABLE KEYS */;
UNLOCK TABLES;

--
-- Table structure for table `product_batches`
--

DROP TABLE IF EXISTS `product_batches`;
/*!40101 SET @saved_cs_client     = @@character_set_client */;
/*!40101 SET character_set_client = utf8 */;
CREATE TABLE `product_batches` (
  `id` bigint(20) unsigned NOT NULL AUTO_INCREMENT,
  `product_id` int(11) NOT NULL,
  `batch_no` varchar(191) COLLATE utf8mb4_unicode_ci NOT NULL,
  `expired_date` date NOT NULL,
  `qty` double NOT NULL,
  `created_at` timestamp NULL DEFAULT NULL,
  `updated_at` timestamp NULL DEFAULT NULL,
  PRIMARY KEY (`id`)
) ENGINE=InnoDB DEFAULT CHARSET=utf8mb4 COLLATE=utf8mb4_unicode_ci;
/*!40101 SET character_set_client = @saved_cs_client */;

--
-- Dumping data for table `product_batches`
--

LOCK TABLES `product_batches` WRITE;
/*!40000 ALTER TABLE `product_batches` DISABLE KEYS */;
/*!40000 ALTER TABLE `product_batches` ENABLE KEYS */;
UNLOCK TABLES;

--
-- Table structure for table `product_purchases`
--

DROP TABLE IF EXISTS `product_purchases`;
/*!40101 SET @saved_cs_client     = @@character_set_client */;
/*!40101 SET character_set_client = utf8 */;
CREATE TABLE `product_purchases` (
  `id` int(10) unsigned NOT NULL AUTO_INCREMENT,
  `purchase_id` int(11) NOT NULL,
  `product_id` int(11) NOT NULL,
  `product_batch_id` int(11) DEFAULT NULL,
  `variant_id` int(11) DEFAULT NULL,
  `qty` double NOT NULL,
  `recieved` double NOT NULL,
  `purchase_unit_id` int(11) NOT NULL,
  `net_unit_cost` double NOT NULL,
  `discount` double NOT NULL,
  `tax_rate` double NOT NULL,
  `tax` double NOT NULL,
  `total` double NOT NULL,
  `created_at` timestamp NULL DEFAULT NULL,
  `updated_at` timestamp NULL DEFAULT NULL,
  PRIMARY KEY (`id`)
) ENGINE=InnoDB AUTO_INCREMENT=126 DEFAULT CHARSET=utf8mb4 COLLATE=utf8mb4_unicode_ci;
/*!40101 SET character_set_client = @saved_cs_client */;

--
-- Dumping data for table `product_purchases`
--

LOCK TABLES `product_purchases` WRITE;
/*!40000 ALTER TABLE `product_purchases` DISABLE KEYS */;
INSERT INTO `product_purchases` VALUES (21,6,4,NULL,NULL,20,20,1,100,0,0,0,2000,'2022-08-24 18:02:21','2022-08-24 18:02:21'),(22,7,4,NULL,NULL,10,10,1,100,0,0,0,1000,'2022-08-24 18:07:24','2022-08-24 18:07:24'),(23,8,5,NULL,4,20,20,1,100,0,0,0,2000,'2022-08-25 20:07:15','2022-08-25 20:07:15'),(24,8,5,NULL,3,13,13,1,100,0,0,0,1300,'2022-08-25 20:07:15','2022-08-25 20:07:15'),(25,8,5,NULL,2,51,51,1,100,0,0,0,5100,'2022-08-25 20:07:15','2022-08-25 20:07:15'),(26,8,5,NULL,1,21,21,1,100,0,0,0,2100,'2022-08-25 20:07:15','2022-08-25 20:07:15'),(27,9,6,NULL,3,100,100,1,110,0,0,0,11000,'2022-08-26 15:03:26','2022-08-26 15:03:26'),(28,10,7,NULL,2,75,75,1,100,0,0,0,7500,'2022-08-28 05:07:50','2022-08-28 05:07:50'),(29,10,7,NULL,1,15,15,1,100,0,0,0,1500,'2022-08-28 05:07:50','2022-08-28 05:07:50'),(30,11,8,NULL,4,5,5,1,112,0,0,0,560,'2022-09-10 06:17:29','2022-09-10 06:17:29'),(31,11,8,NULL,3,1,1,1,112,0,0,0,112,'2022-09-10 06:17:29','2022-09-10 06:17:29'),(32,11,8,NULL,2,6,6,1,112,0,0,0,672,'2022-09-10 06:17:29','2022-09-10 06:17:29'),(33,11,8,NULL,1,7,7,1,112,0,0,0,784,'2022-09-10 06:17:29','2022-09-10 06:17:29'),(34,12,9,NULL,4,9,9,1,112,0,0,0,1008,'2022-09-10 06:55:51','2022-09-10 06:55:51'),(35,12,9,NULL,3,11,11,1,112,0,0,0,1232,'2022-09-10 06:55:51','2022-09-10 06:55:51'),(36,12,9,NULL,2,7,7,1,112,0,0,0,784,'2022-09-10 06:55:51','2022-09-10 06:55:51'),(37,12,9,NULL,1,16,16,1,112,0,0,0,1792,'2022-09-10 06:55:51','2022-09-10 06:55:51'),(38,13,10,NULL,4,15,15,1,112,0,0,0,1680,'2022-09-10 06:56:43','2022-09-10 06:56:43'),(39,13,10,NULL,3,12,12,1,112,0,0,0,1344,'2022-09-10 06:56:43','2022-09-10 06:56:43'),(40,13,10,NULL,2,15,15,1,112,0,0,0,1680,'2022-09-10 06:56:43','2022-09-10 06:56:43'),(41,13,10,NULL,1,16,16,1,112,0,0,0,1792,'2022-09-10 06:56:43','2022-09-10 06:56:43'),(42,14,12,NULL,4,32,32,1,112,0,0,0,3584,'2022-09-10 06:58:31','2022-09-10 06:58:31'),(43,14,12,NULL,3,31,31,1,112,0,0,0,3472,'2022-09-10 06:58:31','2022-09-10 06:58:31'),(44,14,12,NULL,2,28,28,1,112,0,0,0,3136,'2022-09-10 06:58:31','2022-09-10 06:58:31'),(45,14,12,NULL,1,23,23,1,112,0,0,0,2576,'2022-09-10 06:58:31','2022-09-10 06:58:31'),(46,15,13,NULL,1,16,16,1,112,0,0,0,1792,'2022-09-10 06:59:37','2022-09-10 06:59:37'),(47,15,13,NULL,2,18,18,1,112,0,0,0,2016,'2022-09-10 06:59:37','2022-09-10 06:59:37'),(48,15,13,NULL,3,14,14,1,112,0,0,0,1568,'2022-09-10 06:59:37','2022-09-10 06:59:37'),(49,15,13,NULL,4,23,23,1,112,0,0,0,2576,'2022-09-10 06:59:37','2022-09-10 06:59:37'),(50,16,14,NULL,1,14,14,1,112,0,0,0,1568,'2022-09-10 07:00:41','2022-09-10 07:00:41'),(51,16,14,NULL,2,14,14,1,112,0,0,0,1568,'2022-09-10 07:00:41','2022-09-10 07:00:41'),(52,16,14,NULL,3,14,14,1,112,0,0,0,1568,'2022-09-10 07:00:41','2022-09-10 07:00:41'),(53,16,14,NULL,4,14,14,1,112,0,0,0,1568,'2022-09-10 07:00:41','2022-09-10 07:00:41'),(54,17,15,NULL,1,20,20,1,1112,0,0,0,22240,'2022-09-10 07:01:43','2022-09-10 07:01:43'),(55,17,15,NULL,2,20,20,1,1112,0,0,0,22240,'2022-09-10 07:01:43','2022-09-10 07:01:43'),(56,17,15,NULL,3,18,18,1,1112,0,0,0,20016,'2022-09-10 07:01:43','2022-09-10 07:01:43'),(57,17,15,NULL,4,20,20,1,1112,0,0,0,22240,'2022-09-10 07:01:43','2022-09-10 07:01:43'),(58,18,16,NULL,1,8,8,1,112,0,0,0,896,'2022-09-10 07:02:37','2022-09-10 07:02:37'),(59,18,16,NULL,2,8,8,1,112,0,0,0,896,'2022-09-10 07:02:37','2022-09-10 07:02:37'),(60,18,16,NULL,3,8,8,1,112,0,0,0,896,'2022-09-10 07:02:37','2022-09-10 07:02:37'),(61,18,16,NULL,4,10,10,1,112,0,0,0,1120,'2022-09-10 07:02:37','2022-09-10 07:02:37'),(62,19,17,NULL,1,16,16,1,112,0,0,0,1792,'2022-09-10 07:03:45','2022-09-10 07:03:45'),(63,19,17,NULL,2,16,16,1,112,0,0,0,1792,'2022-09-10 07:03:45','2022-09-10 07:03:45'),(64,19,17,NULL,3,15,15,1,112,0,0,0,1680,'2022-09-10 07:03:45','2022-09-10 07:03:45'),(65,19,17,NULL,4,16,16,1,112,0,0,0,1792,'2022-09-10 07:03:45','2022-09-10 07:03:45'),(66,20,18,NULL,1,19,19,1,112,0,0,0,2128,'2022-09-10 07:04:35','2022-09-10 07:04:35'),(67,20,18,NULL,2,19,19,1,112,0,0,0,2128,'2022-09-10 07:04:35','2022-09-10 07:04:35'),(68,20,18,NULL,3,18,18,1,112,0,0,0,2016,'2022-09-10 07:04:35','2022-09-10 07:04:35'),(69,20,18,NULL,4,19,19,1,112,0,0,0,2128,'2022-09-10 07:04:35','2022-09-10 07:04:35'),(70,21,19,NULL,1,15,15,1,112,0,0,0,1680,'2022-09-10 07:05:39','2022-09-10 07:05:39'),(71,21,19,NULL,2,12,12,1,112,0,0,0,1344,'2022-09-10 07:05:39','2022-09-10 07:05:39'),(72,21,19,NULL,3,15,15,1,112,0,0,0,1680,'2022-09-10 07:05:39','2022-09-10 07:05:39'),(73,21,19,NULL,4,16,16,1,112,0,0,0,1792,'2022-09-10 07:05:39','2022-09-10 07:05:39'),(74,22,20,NULL,4,20,20,1,115,0,0,0,2300,'2022-09-10 07:35:56','2022-09-10 07:35:56'),(75,22,20,NULL,3,20,20,1,115,0,0,0,2300,'2022-09-10 07:35:56','2022-09-10 07:35:56'),(76,22,20,NULL,2,20,20,1,115,0,0,0,2300,'2022-09-10 07:35:56','2022-09-10 07:35:56'),(77,22,20,NULL,1,20,20,1,115,0,0,0,2300,'2022-09-10 07:35:56','2022-09-10 07:35:56'),(78,23,21,NULL,4,20,20,1,115,0,0,0,2300,'2022-09-10 07:36:38','2022-09-10 07:36:38'),(79,23,21,NULL,3,20,20,1,115,0,0,0,2300,'2022-09-10 07:36:38','2022-09-10 07:36:38'),(80,23,21,NULL,2,20,20,1,115,0,0,0,2300,'2022-09-10 07:36:38','2022-09-10 07:36:38'),(81,23,21,NULL,1,20,20,1,115,0,0,0,2300,'2022-09-10 07:36:38','2022-09-10 07:36:38'),(82,24,22,NULL,4,20,20,1,115,0,0,0,2300,'2022-09-10 07:37:22','2022-09-10 07:37:22'),(83,24,22,NULL,3,20,20,1,115,0,0,0,2300,'2022-09-10 07:37:22','2022-09-10 07:37:22'),(84,24,22,NULL,2,20,20,1,115,0,0,0,2300,'2022-09-10 07:37:22','2022-09-10 07:37:22'),(85,24,22,NULL,1,20,20,1,115,0,0,0,2300,'2022-09-10 07:37:22','2022-09-10 07:37:22'),(86,25,23,NULL,4,20,20,1,115,0,0,0,2300,'2022-09-10 07:38:04','2022-09-10 07:38:04'),(87,25,23,NULL,3,20,20,1,115,0,0,0,2300,'2022-09-10 07:38:04','2022-09-10 07:38:04'),(88,25,23,NULL,2,20,20,1,115,0,0,0,2300,'2022-09-10 07:38:04','2022-09-10 07:38:04'),(89,25,23,NULL,1,20,20,1,115,0,0,0,2300,'2022-09-10 07:38:04','2022-09-10 07:38:04'),(90,26,24,NULL,4,20,20,1,115,0,0,0,2300,'2022-09-10 07:38:37','2022-09-10 07:38:37'),(91,26,24,NULL,3,20,20,1,115,0,0,0,2300,'2022-09-10 07:38:37','2022-09-10 07:38:37'),(92,26,24,NULL,2,20,20,1,115,0,0,0,2300,'2022-09-10 07:38:37','2022-09-10 07:38:37'),(93,26,24,NULL,1,20,20,1,115,0,0,0,2300,'2022-09-10 07:38:37','2022-09-10 07:38:37'),(94,27,25,NULL,4,20,20,1,115,0,0,0,2300,'2022-09-10 07:39:23','2022-09-10 07:39:23'),(95,27,25,NULL,3,20,20,1,115,0,0,0,2300,'2022-09-10 07:39:23','2022-09-10 07:39:23'),(96,27,25,NULL,2,20,20,1,115,0,0,0,2300,'2022-09-10 07:39:23','2022-09-10 07:39:23'),(97,27,25,NULL,1,20,20,1,115,0,0,0,2300,'2022-09-10 07:39:23','2022-09-10 07:39:23'),(98,28,32,NULL,4,19,19,1,115,0,0,0,2185,'2022-09-11 15:32:38','2022-09-11 15:32:38'),(99,28,32,NULL,3,19,19,1,115,0,0,0,2185,'2022-09-11 15:32:38','2022-09-11 15:32:38'),(100,28,32,NULL,2,19,19,1,115,0,0,0,2185,'2022-09-11 15:32:38','2022-09-11 15:32:38'),(101,28,32,NULL,1,21,21,1,115,0,0,0,2415,'2022-09-11 15:32:38','2022-09-11 15:32:38'),(102,28,31,NULL,4,19,19,1,115,0,0,0,2185,'2022-09-11 15:32:38','2022-09-11 15:32:38'),(103,28,31,NULL,3,19,19,1,115,0,0,0,2185,'2022-09-11 15:32:38','2022-09-11 15:32:38'),(104,28,31,NULL,2,19,19,1,115,0,0,0,2185,'2022-09-11 15:32:38','2022-09-11 15:32:38'),(105,28,31,NULL,1,19,19,1,115,0,0,0,2185,'2022-09-11 15:32:38','2022-09-11 15:32:38'),(106,28,30,NULL,4,19,19,1,115,0,0,0,2185,'2022-09-11 15:32:38','2022-09-11 15:32:38'),(107,28,30,NULL,3,19,19,1,115,0,0,0,2185,'2022-09-11 15:32:39','2022-09-11 15:32:39'),(108,28,30,NULL,2,19,19,1,115,0,0,0,2185,'2022-09-11 15:32:39','2022-09-11 15:32:39'),(109,28,30,NULL,1,19,19,1,115,0,0,0,2185,'2022-09-11 15:32:39','2022-09-11 15:32:39'),(110,28,29,NULL,4,19,19,1,115,0,0,0,2185,'2022-09-11 15:32:39','2022-09-11 15:32:39'),(111,28,29,NULL,3,19,19,1,115,0,0,0,2185,'2022-09-11 15:32:39','2022-09-11 15:32:39'),(112,28,29,NULL,2,19,19,1,115,0,0,0,2185,'2022-09-11 15:32:39','2022-09-11 15:32:39'),(113,28,29,NULL,1,19,19,1,115,0,0,0,2185,'2022-09-11 15:32:39','2022-09-11 15:32:39'),(114,28,27,NULL,4,28,28,1,115,0,0,0,3220,'2022-09-11 15:32:39','2022-09-11 15:32:39'),(115,28,27,NULL,3,24,24,1,115,0,0,0,2760,'2022-09-11 15:32:39','2022-09-11 15:32:39'),(116,28,27,NULL,2,20,20,1,115,0,0,0,2300,'2022-09-11 15:32:39','2022-09-11 15:32:39'),(117,28,27,NULL,1,20,20,1,115,0,0,0,2300,'2022-09-11 15:32:39','2022-09-11 15:32:39'),(118,28,26,NULL,4,10,10,1,115,0,0,0,1150,'2022-09-11 15:32:39','2022-09-11 15:32:39'),(119,28,26,NULL,3,17,17,1,115,0,0,0,1955,'2022-09-11 15:32:39','2022-09-11 15:32:39'),(120,28,26,NULL,2,15,15,1,115,0,0,0,1725,'2022-09-11 15:32:39','2022-09-11 15:32:39'),(121,28,26,NULL,1,16,16,1,115,0,0,0,1840,'2022-09-11 15:32:39','2022-09-11 15:32:39'),(122,29,28,NULL,4,16,16,1,115,0,0,0,1840,'2022-09-11 15:36:36','2022-09-11 15:36:36'),(123,29,28,NULL,3,15,15,1,115,0,0,0,1725,'2022-09-11 15:36:36','2022-09-11 15:36:36'),(124,29,28,NULL,2,14,14,1,115,0,0,0,1610,'2022-09-11 15:36:36','2022-09-11 15:36:36'),(125,29,28,NULL,1,17,17,1,115,0,0,0,1955,'2022-09-11 15:36:36','2022-09-11 15:36:36');
/*!40000 ALTER TABLE `product_purchases` ENABLE KEYS */;
UNLOCK TABLES;

--
-- Table structure for table `product_quotation`
--

DROP TABLE IF EXISTS `product_quotation`;
/*!40101 SET @saved_cs_client     = @@character_set_client */;
/*!40101 SET character_set_client = utf8 */;
CREATE TABLE `product_quotation` (
  `id` int(10) unsigned NOT NULL AUTO_INCREMENT,
  `quotation_id` int(11) NOT NULL,
  `product_id` int(11) NOT NULL,
  `product_batch_id` int(11) DEFAULT NULL,
  `variant_id` int(11) DEFAULT NULL,
  `qty` double NOT NULL,
  `sale_unit_id` int(11) NOT NULL,
  `net_unit_price` double NOT NULL,
  `discount` double NOT NULL,
  `tax_rate` double NOT NULL,
  `tax` double NOT NULL,
  `total` double NOT NULL,
  `created_at` timestamp NULL DEFAULT NULL,
  `updated_at` timestamp NULL DEFAULT NULL,
  PRIMARY KEY (`id`)
) ENGINE=InnoDB DEFAULT CHARSET=utf8mb4 COLLATE=utf8mb4_unicode_ci;
/*!40101 SET character_set_client = @saved_cs_client */;

--
-- Dumping data for table `product_quotation`
--

LOCK TABLES `product_quotation` WRITE;
/*!40000 ALTER TABLE `product_quotation` DISABLE KEYS */;
/*!40000 ALTER TABLE `product_quotation` ENABLE KEYS */;
UNLOCK TABLES;

--
-- Table structure for table `product_returns`
--

DROP TABLE IF EXISTS `product_returns`;
/*!40101 SET @saved_cs_client     = @@character_set_client */;
/*!40101 SET character_set_client = utf8 */;
CREATE TABLE `product_returns` (
  `id` int(10) unsigned NOT NULL AUTO_INCREMENT,
  `return_id` int(11) NOT NULL,
  `product_id` int(11) NOT NULL,
  `product_batch_id` int(11) DEFAULT NULL,
  `variant_id` int(11) DEFAULT NULL,
  `qty` double NOT NULL,
  `sale_unit_id` int(11) NOT NULL,
  `net_unit_price` double NOT NULL,
  `discount` double NOT NULL,
  `tax_rate` double NOT NULL,
  `tax` double NOT NULL,
  `total` double NOT NULL,
  `created_at` timestamp NULL DEFAULT NULL,
  `updated_at` timestamp NULL DEFAULT NULL,
  PRIMARY KEY (`id`)
) ENGINE=InnoDB DEFAULT CHARSET=utf8mb4 COLLATE=utf8mb4_unicode_ci;
/*!40101 SET character_set_client = @saved_cs_client */;

--
-- Dumping data for table `product_returns`
--

LOCK TABLES `product_returns` WRITE;
/*!40000 ALTER TABLE `product_returns` DISABLE KEYS */;
/*!40000 ALTER TABLE `product_returns` ENABLE KEYS */;
UNLOCK TABLES;

--
-- Table structure for table `product_sales`
--

DROP TABLE IF EXISTS `product_sales`;
/*!40101 SET @saved_cs_client     = @@character_set_client */;
/*!40101 SET character_set_client = utf8 */;
CREATE TABLE `product_sales` (
  `id` int(10) unsigned NOT NULL AUTO_INCREMENT,
  `sale_id` int(11) NOT NULL,
  `product_id` int(11) NOT NULL,
  `product_batch_id` int(11) DEFAULT NULL,
  `variant_id` int(11) DEFAULT NULL,
  `qty` double NOT NULL,
  `sale_unit_id` int(11) NOT NULL,
  `net_unit_price` double NOT NULL,
  `original_price` double NOT NULL,
  `discount` double NOT NULL,
  `tax_rate` double NOT NULL,
  `tax` double NOT NULL,
  `total` double NOT NULL,
  `created_at` timestamp NULL DEFAULT NULL,
  `updated_at` timestamp NULL DEFAULT NULL,
  PRIMARY KEY (`id`)
) ENGINE=InnoDB AUTO_INCREMENT=78 DEFAULT CHARSET=utf8mb4 COLLATE=utf8mb4_unicode_ci;
/*!40101 SET character_set_client = @saved_cs_client */;

--
-- Dumping data for table `product_sales`
--

LOCK TABLES `product_sales` WRITE;
/*!40000 ALTER TABLE `product_sales` DISABLE KEYS */;
INSERT INTO `product_sales` VALUES (45,36,20,NULL,1,1,1,260,160,0,0,0,260,'2022-09-10 07:52:45','2022-09-10 07:52:45'),(46,37,19,NULL,3,1,1,250,150,0,0,0,250,'2022-09-10 07:54:21','2022-09-10 07:54:52'),(47,38,20,NULL,1,1,1,260,160,0,0,0,260,'2022-09-10 15:34:54','2022-09-10 15:34:54'),(48,39,8,NULL,1,1,1,250,150,0,0,0,250,'2022-09-10 15:46:11','2022-09-10 15:46:11'),(49,39,20,NULL,2,1,1,260,160,0,0,0,260,'2022-09-10 15:46:11','2022-09-10 15:46:11'),(50,40,21,NULL,4,1,1,280,160,0,0,0,280,'2022-09-11 15:53:18','2022-09-11 15:57:23'),(51,41,27,NULL,2,1,1,260,155,0,0,0,260,'2022-09-11 16:12:11','2022-09-11 16:21:40'),(52,42,20,NULL,3,1,1,280,160,0,0,0,280,'2022-09-11 16:19:18','2022-09-11 16:22:22'),(53,43,20,NULL,3,1,1,260,160,0,0,0,260,'2022-09-11 16:27:11','2022-09-11 16:27:11'),(54,44,13,NULL,4,1,1,250,150,0,0,0,250,'2022-09-11 16:46:39','2022-09-11 16:49:57'),(55,45,26,NULL,1,1,1,1000,155,0,0,0,1000,'2022-09-11 21:56:21','2022-09-11 21:56:21'),(56,46,29,NULL,3,1,1,250,155,0,0,0,250,'2022-09-12 06:43:25','2022-09-12 06:43:25'),(57,46,27,NULL,2,1,1,250,155,0,0,0,250,'2022-09-12 06:43:25','2022-09-12 06:43:25'),(58,46,28,NULL,1,1,1,250,155,0,0,0,250,'2022-09-12 06:43:25','2022-09-12 06:43:25'),(59,47,19,NULL,4,1,1,150,150,0,0,0,150,'2022-09-12 08:06:22','2022-09-12 08:06:22'),(60,48,21,NULL,1,1,1,250,160,0,0,0,250,'2022-09-12 08:11:19','2022-09-12 08:12:20'),(61,49,30,NULL,2,1,1,260,155,0,0,0,260,'2022-09-12 08:15:17','2022-09-12 08:15:17'),(62,50,14,NULL,4,1,1,250,150,0,0,0,250,'2022-09-12 08:51:23','2022-09-12 08:51:23'),(63,50,13,NULL,1,1,1,250,150,0,0,0,250,'2022-09-12 08:51:24','2022-09-12 08:51:24'),(64,50,8,NULL,4,1,1,250,150,0,0,0,250,'2022-09-12 08:51:24','2022-09-12 08:51:24'),(65,51,10,NULL,4,1,1,150,150,0,0,0,150,'2022-09-12 21:05:06','2022-09-12 21:05:06'),(66,51,8,NULL,3,1,1,150,150,0,0,0,150,'2022-09-12 21:05:06','2022-09-12 21:05:06'),(67,52,10,NULL,4,1,1,1000,150,0,0,0,1000,'2022-09-12 22:30:07','2022-09-12 22:30:07'),(68,53,8,NULL,1,1,1,250,150,0,0,0,250,'2022-09-14 09:10:58','2022-09-14 09:11:25'),(69,54,24,NULL,1,1,1,280,160,0,0,0,280,'2022-09-14 22:18:27','2022-09-14 22:19:11'),(70,55,8,NULL,1,1,1,2000,150,0,0,0,2000,'2022-09-16 14:14:56','2022-09-16 14:14:56'),(71,56,28,NULL,2,1,1,230,155,0,0,0,230,'2022-09-18 14:49:18','2022-09-18 14:50:15'),(72,56,22,NULL,2,1,1,230,160,0,0,0,230,'2022-09-18 14:49:18','2022-09-18 14:50:15'),(73,57,17,NULL,1,1,1,250,150,0,0,0,250,'2022-09-19 08:58:31','2022-09-19 08:59:21'),(74,58,8,NULL,1,1,1,600,150,0,0,0,600,'2022-09-19 09:09:09','2022-09-19 09:09:09'),(75,59,8,NULL,4,1,1,150,150,0,0,0,150,'2022-09-19 09:09:56','2022-09-19 09:09:56'),(76,60,8,NULL,2,1,1,500,150,0,0,0,500,'2022-09-19 09:13:59','2022-09-19 09:13:59'),(77,61,8,NULL,2,1,1,280,150,20,0,0,280,'2022-09-20 23:20:30','2022-09-20 23:20:30');
/*!40000 ALTER TABLE `product_sales` ENABLE KEYS */;
UNLOCK TABLES;

--
-- Table structure for table `product_transfer`
--

DROP TABLE IF EXISTS `product_transfer`;
/*!40101 SET @saved_cs_client     = @@character_set_client */;
/*!40101 SET character_set_client = utf8 */;
CREATE TABLE `product_transfer` (
  `id` int(10) unsigned NOT NULL AUTO_INCREMENT,
  `transfer_id` int(11) NOT NULL,
  `product_id` int(11) NOT NULL,
  `product_batch_id` int(11) DEFAULT NULL,
  `variant_id` int(11) DEFAULT NULL,
  `qty` double NOT NULL,
  `purchase_unit_id` int(11) NOT NULL,
  `net_unit_cost` double NOT NULL,
  `tax_rate` double NOT NULL,
  `tax` double NOT NULL,
  `total` double NOT NULL,
  `created_at` timestamp NULL DEFAULT NULL,
  `updated_at` timestamp NULL DEFAULT NULL,
  PRIMARY KEY (`id`)
) ENGINE=InnoDB DEFAULT CHARSET=utf8mb4 COLLATE=utf8mb4_unicode_ci;
/*!40101 SET character_set_client = @saved_cs_client */;

--
-- Dumping data for table `product_transfer`
--

LOCK TABLES `product_transfer` WRITE;
/*!40000 ALTER TABLE `product_transfer` DISABLE KEYS */;
/*!40000 ALTER TABLE `product_transfer` ENABLE KEYS */;
UNLOCK TABLES;

--
-- Table structure for table `product_variants`
--

DROP TABLE IF EXISTS `product_variants`;
/*!40101 SET @saved_cs_client     = @@character_set_client */;
/*!40101 SET character_set_client = utf8 */;
CREATE TABLE `product_variants` (
  `id` int(10) unsigned NOT NULL AUTO_INCREMENT,
  `product_id` int(11) NOT NULL,
  `variant_id` int(11) NOT NULL,
  `position` int(11) NOT NULL,
  `item_code` varchar(191) COLLATE utf8mb4_unicode_ci NOT NULL,
  `additional_price` double DEFAULT NULL,
  `qty` double NOT NULL,
  `created_at` timestamp NULL DEFAULT NULL,
  `updated_at` timestamp NULL DEFAULT NULL,
  PRIMARY KEY (`id`)
) ENGINE=InnoDB AUTO_INCREMENT=157 DEFAULT CHARSET=utf8mb4 COLLATE=utf8mb4_unicode_ci;
/*!40101 SET character_set_client = @saved_cs_client */;

--
-- Dumping data for table `product_variants`
--

LOCK TABLES `product_variants` WRITE;
/*!40000 ALTER TABLE `product_variants` DISABLE KEYS */;
INSERT INTO `product_variants` VALUES (41,8,1,1,'M-1',NULL,3,'2022-09-02 20:02:09','2022-09-19 09:09:09'),(42,8,2,2,'L-1',NULL,4,'2022-09-02 20:02:09','2022-09-20 23:20:30'),(43,8,3,3,'XL-1',NULL,0,'2022-09-02 20:02:09','2022-09-12 21:05:06'),(44,8,4,4,'XXL-1',NULL,3,'2022-09-02 20:02:09','2022-09-19 09:09:56'),(45,13,1,1,'M-6',NULL,15,'2022-09-10 06:31:05','2022-09-12 08:51:24'),(46,13,2,2,'L-6',NULL,18,'2022-09-10 06:31:05','2022-09-10 06:59:37'),(47,13,3,3,'XL-6',NULL,14,'2022-09-10 06:31:05','2022-09-10 06:59:37'),(48,13,4,4,'XXL-6',NULL,22,'2022-09-10 06:31:05','2022-09-11 16:49:57'),(49,12,1,1,'M-5',NULL,23,'2022-09-10 06:32:06','2022-09-10 06:58:31'),(50,12,2,2,'L-5',NULL,28,'2022-09-10 06:32:06','2022-09-10 06:58:31'),(51,12,3,3,'XL-5',NULL,31,'2022-09-10 06:32:06','2022-09-10 06:58:31'),(52,12,4,4,'XXL-5',NULL,32,'2022-09-10 06:32:06','2022-09-10 06:58:31'),(53,11,1,1,'M-4',NULL,0,'2022-09-10 06:32:49','2022-09-10 06:32:49'),(54,11,2,2,'L-4',NULL,0,'2022-09-10 06:32:49','2022-09-10 06:32:49'),(55,11,3,3,'XL-4',NULL,0,'2022-09-10 06:32:49','2022-09-10 06:32:49'),(56,11,4,4,'XXL-4',NULL,0,'2022-09-10 06:32:50','2022-09-10 06:32:50'),(57,9,1,1,'M-2',NULL,16,'2022-09-10 06:33:51','2022-09-10 06:55:51'),(58,9,2,2,'L-2',NULL,7,'2022-09-10 06:33:51','2022-09-10 06:55:51'),(59,9,3,3,'XL-2',NULL,11,'2022-09-10 06:33:51','2022-09-10 06:55:51'),(60,9,4,4,'XXL-2',NULL,-9,'2022-09-10 06:33:51','2022-09-10 07:08:34'),(61,10,1,1,'M-3',NULL,16,'2022-09-10 06:35:40','2022-09-10 06:56:43'),(62,10,2,2,'L-3',NULL,15,'2022-09-10 06:35:40','2022-09-10 06:56:43'),(63,10,3,3,'XL-3',NULL,12,'2022-09-10 06:35:40','2022-09-10 06:56:43'),(64,10,4,4,'XXL-3',NULL,13,'2022-09-10 06:35:40','2022-09-12 22:30:07'),(65,14,1,1,'M-7',NULL,14,'2022-09-10 06:44:02','2022-09-10 07:00:41'),(66,14,2,2,'L-7',NULL,14,'2022-09-10 06:44:02','2022-09-10 07:00:41'),(67,14,3,3,'XL-7',NULL,14,'2022-09-10 06:44:02','2022-09-10 07:00:41'),(68,14,4,4,'XXL-7',NULL,13,'2022-09-10 06:44:02','2022-09-12 08:51:23'),(69,15,1,1,'M-8',NULL,20,'2022-09-10 06:45:51','2022-09-10 07:01:43'),(70,15,2,2,'L-8',NULL,20,'2022-09-10 06:45:52','2022-09-10 07:01:43'),(71,15,3,3,'XL-8',NULL,18,'2022-09-10 06:45:52','2022-09-10 07:01:43'),(72,15,4,4,'XXL-8',NULL,20,'2022-09-10 06:45:52','2022-09-10 07:01:43'),(73,16,1,1,'M-9',NULL,0,'2022-09-10 06:47:36','2022-09-10 20:55:23'),(74,16,2,2,'L-9',NULL,8,'2022-09-10 06:47:36','2022-09-10 07:02:37'),(75,16,3,3,'XL-9',NULL,8,'2022-09-10 06:47:37','2022-09-10 07:02:37'),(76,16,4,4,'XXL-9',NULL,10,'2022-09-10 06:47:37','2022-09-10 07:02:37'),(77,17,1,1,'M-10',NULL,15,'2022-09-10 06:49:09','2022-09-19 08:59:21'),(78,17,2,2,'L-10',NULL,16,'2022-09-10 06:49:09','2022-09-10 07:03:45'),(79,17,3,3,'XL-10',NULL,15,'2022-09-10 06:49:09','2022-09-10 07:03:45'),(80,17,4,4,'XXL-10',NULL,16,'2022-09-10 06:49:09','2022-09-10 07:03:45'),(81,18,1,1,'M-11',NULL,19,'2022-09-10 06:51:07','2022-09-10 07:04:35'),(82,18,2,2,'L-11',NULL,19,'2022-09-10 06:51:07','2022-09-10 07:04:35'),(83,18,3,3,'XL-11',NULL,18,'2022-09-10 06:51:07','2022-09-10 07:04:35'),(84,18,4,4,'XXL-11',NULL,19,'2022-09-10 06:51:07','2022-09-10 07:04:35'),(85,19,1,1,'M-12',NULL,15,'2022-09-10 06:53:11','2022-09-10 07:05:39'),(86,19,2,2,'L-12',NULL,12,'2022-09-10 06:53:11','2022-09-10 07:05:39'),(87,19,3,3,'XL-12',NULL,14,'2022-09-10 06:53:11','2022-09-10 07:54:52'),(88,19,4,4,'XXL-12',NULL,15,'2022-09-10 06:53:11','2022-09-12 08:06:22'),(89,20,1,1,'M-A1',NULL,18,'2022-09-10 07:18:49','2022-09-10 15:34:54'),(90,20,2,2,'L-A1',NULL,19,'2022-09-10 07:18:49','2022-09-10 15:46:11'),(91,20,3,3,'XL-A1',NULL,18,'2022-09-10 07:18:49','2022-09-11 16:27:11'),(92,20,4,4,'XXL-A1',NULL,20,'2022-09-10 07:18:49','2022-09-10 07:35:56'),(93,21,1,1,'M-A2',NULL,19,'2022-09-10 07:20:57','2022-09-12 08:12:20'),(94,21,2,2,'L-A2',NULL,20,'2022-09-10 07:20:57','2022-09-10 07:36:38'),(95,21,3,3,'XL-A2',NULL,20,'2022-09-10 07:20:58','2022-09-10 07:36:38'),(96,21,4,4,'XX-A2',NULL,-1,'2022-09-10 07:20:58','2022-09-12 20:52:56'),(97,22,1,1,'M-A3',NULL,20,'2022-09-10 07:30:49','2022-09-10 07:37:22'),(98,22,2,2,'L-A3',NULL,19,'2022-09-10 07:30:49','2022-09-18 14:50:15'),(99,22,3,3,'XL-A3',NULL,20,'2022-09-10 07:30:49','2022-09-10 07:37:22'),(100,22,4,4,'XXL-A3',NULL,20,'2022-09-10 07:30:49','2022-09-10 07:37:22'),(101,23,1,1,'M-A4',NULL,20,'2022-09-10 07:32:04','2022-09-10 07:38:04'),(102,23,2,2,'L-A4',NULL,20,'2022-09-10 07:32:04','2022-09-10 07:38:04'),(103,23,3,3,'XL-A4',NULL,20,'2022-09-10 07:32:04','2022-09-10 07:38:04'),(104,23,4,4,'XXL-A4',NULL,20,'2022-09-10 07:32:04','2022-09-10 07:38:04'),(105,24,1,1,'M-A5',NULL,19,'2022-09-10 07:33:25','2022-09-14 22:19:11'),(106,24,2,2,'L-A5',NULL,20,'2022-09-10 07:33:25','2022-09-10 07:38:37'),(107,24,3,3,'XL-A5',NULL,20,'2022-09-10 07:33:25','2022-09-10 07:38:37'),(108,24,4,4,'XXL-A5',NULL,20,'2022-09-10 07:33:25','2022-09-10 07:38:37'),(109,25,1,1,'M-A6',NULL,20,'2022-09-10 07:34:51','2022-09-10 07:39:23'),(110,25,2,2,'L-A6',NULL,20,'2022-09-10 07:34:51','2022-09-10 07:39:23'),(111,25,3,3,'XL-A6',NULL,20,'2022-09-10 07:34:51','2022-09-10 07:39:23'),(112,25,4,4,'XXL-A6',NULL,20,'2022-09-10 07:34:51','2022-09-10 07:39:23'),(113,26,1,1,'M-R1',NULL,15,'2022-09-11 15:10:09','2022-09-11 21:56:21'),(114,26,2,2,'L-R1',NULL,15,'2022-09-11 15:10:09','2022-09-11 15:37:20'),(115,26,3,3,'XL-R1',NULL,17,'2022-09-11 15:10:09','2022-09-11 15:37:20'),(116,26,4,4,'XXL-R1',NULL,10,'2022-09-11 15:10:09','2022-09-11 15:37:20'),(117,27,1,1,'M-R2',NULL,20,'2022-09-11 15:11:26','2022-09-11 15:32:39'),(118,27,2,2,'L-R2',NULL,18,'2022-09-11 15:11:26','2022-09-12 06:43:25'),(119,27,3,3,'XL-R2',NULL,24,'2022-09-11 15:11:26','2022-09-11 15:32:39'),(120,27,4,4,'XXL-R2',NULL,28,'2022-09-11 15:11:26','2022-09-11 15:32:39'),(121,28,1,1,'M-R3',NULL,16,'2022-09-11 15:13:05','2022-09-12 06:43:25'),(122,28,2,2,'L-R3',NULL,13,'2022-09-11 15:13:05','2022-09-18 14:50:15'),(123,28,3,3,'XL-R3',NULL,15,'2022-09-11 15:13:05','2022-09-11 15:36:36'),(124,28,4,4,'XXL-R3',NULL,16,'2022-09-11 15:13:05','2022-09-11 15:36:36'),(125,29,1,1,'M-R4',NULL,19,'2022-09-11 15:15:51','2022-09-11 15:32:39'),(126,29,2,2,'L-R4',NULL,19,'2022-09-11 15:15:51','2022-09-11 15:32:39'),(127,29,3,3,'XL-R4',NULL,18,'2022-09-11 15:15:51','2022-09-12 06:43:25'),(128,29,4,4,'XXL-R4',NULL,19,'2022-09-11 15:15:51','2022-09-11 15:32:39'),(129,30,1,1,'M-R5',NULL,19,'2022-09-11 15:17:33','2022-09-11 15:32:39'),(130,30,2,2,'L-R5',NULL,18,'2022-09-11 15:17:33','2022-09-12 08:15:17'),(131,30,3,3,'XL-R5',NULL,19,'2022-09-11 15:17:33','2022-09-11 15:32:39'),(132,30,4,4,'XXL-R5',NULL,19,'2022-09-11 15:17:33','2022-09-11 15:32:38'),(133,31,1,1,'M-R6',NULL,19,'2022-09-11 15:18:39','2022-09-11 15:32:38'),(134,31,2,2,'L-R6',NULL,19,'2022-09-11 15:18:39','2022-09-11 15:32:38'),(135,31,3,3,'XL-R6',NULL,19,'2022-09-11 15:18:39','2022-09-11 15:32:38'),(136,31,4,4,'XXL-R6',NULL,19,'2022-09-11 15:18:39','2022-09-11 15:32:38'),(137,32,1,1,'M-R7',NULL,21,'2022-09-11 15:20:31','2022-09-11 15:32:38'),(138,32,2,2,'L-R7',NULL,19,'2022-09-11 15:20:31','2022-09-11 15:32:38'),(139,32,3,3,'XL-R7',NULL,19,'2022-09-11 15:20:31','2022-09-11 15:32:38'),(140,32,4,4,'XXL-R7',NULL,19,'2022-09-11 15:20:31','2022-09-11 15:32:38'),(141,33,1,1,'M-S1',NULL,0,'2022-09-17 17:10:19','2022-09-17 17:10:19'),(142,33,2,2,'L-S1',NULL,0,'2022-09-17 17:10:19','2022-09-17 17:10:19'),(143,33,3,3,'XL-S1',NULL,0,'2022-09-17 17:10:19','2022-09-17 17:10:19'),(144,33,4,4,'XXL-S1',NULL,0,'2022-09-17 17:10:19','2022-09-17 17:10:19'),(145,34,1,1,'M-S2',NULL,0,'2022-09-17 17:14:41','2022-09-17 17:14:41'),(146,34,2,2,'L-S2',NULL,0,'2022-09-17 17:14:41','2022-09-17 17:14:41'),(147,34,3,3,'XL-S2',NULL,0,'2022-09-17 17:14:41','2022-09-17 17:14:41'),(148,34,4,4,'XXL-S2',NULL,0,'2022-09-17 17:14:41','2022-09-17 17:14:41'),(149,35,1,1,'M-S3',NULL,0,'2022-09-17 17:18:40','2022-09-17 17:18:40'),(150,35,2,2,'L-S3',NULL,0,'2022-09-17 17:18:40','2022-09-17 17:18:40'),(151,35,3,3,'XL-S3',NULL,0,'2022-09-17 17:18:40','2022-09-17 17:18:40'),(152,35,4,4,'XXL-S3',NULL,0,'2022-09-17 17:18:40','2022-09-17 17:18:40'),(153,36,1,1,'M-S4',NULL,0,'2022-09-17 17:21:24','2022-09-17 17:21:24'),(154,36,2,2,'L-S4',NULL,0,'2022-09-17 17:21:24','2022-09-17 17:21:24'),(155,36,3,3,'XL-S4',NULL,0,'2022-09-17 17:21:24','2022-09-17 17:21:24'),(156,36,4,4,'XXL-S4',NULL,0,'2022-09-17 17:21:24','2022-09-17 17:21:24');
/*!40000 ALTER TABLE `product_variants` ENABLE KEYS */;
UNLOCK TABLES;

--
-- Table structure for table `product_warehouse`
--

DROP TABLE IF EXISTS `product_warehouse`;
/*!40101 SET @saved_cs_client     = @@character_set_client */;
/*!40101 SET character_set_client = utf8 */;
CREATE TABLE `product_warehouse` (
  `id` int(10) unsigned NOT NULL AUTO_INCREMENT,
  `product_id` varchar(191) COLLATE utf8mb4_unicode_ci NOT NULL,
  `product_batch_id` int(11) DEFAULT NULL,
  `variant_id` int(11) DEFAULT NULL,
  `warehouse_id` int(11) NOT NULL,
  `qty` double NOT NULL,
  `price` double DEFAULT NULL,
  `created_at` timestamp NULL DEFAULT NULL,
  `updated_at` timestamp NULL DEFAULT NULL,
  PRIMARY KEY (`id`)
) ENGINE=InnoDB AUTO_INCREMENT=21 DEFAULT CHARSET=utf8mb4 COLLATE=utf8mb4_unicode_ci;
/*!40101 SET character_set_client = @saved_cs_client */;

--
-- Dumping data for table `product_warehouse`
--

LOCK TABLES `product_warehouse` WRITE;
/*!40000 ALTER TABLE `product_warehouse` DISABLE KEYS */;
/*!40000 ALTER TABLE `product_warehouse` ENABLE KEYS */;
UNLOCK TABLES;

--
-- Table structure for table `products`
--

DROP TABLE IF EXISTS `products`;
/*!40101 SET @saved_cs_client     = @@character_set_client */;
/*!40101 SET character_set_client = utf8 */;
CREATE TABLE `products` (
  `id` int(10) unsigned NOT NULL AUTO_INCREMENT,
  `name` varchar(191) COLLATE utf8mb4_unicode_ci NOT NULL,
  `code` varchar(191) COLLATE utf8mb4_unicode_ci NOT NULL,
  `type` varchar(191) COLLATE utf8mb4_unicode_ci NOT NULL,
  `barcode_symbology` varchar(191) COLLATE utf8mb4_unicode_ci NOT NULL,
  `brand_id` int(11) DEFAULT NULL,
  `category_id` int(11) NOT NULL,
  `unit_id` int(11) NOT NULL,
  `purchase_unit_id` int(11) NOT NULL,
  `sale_unit_id` int(11) NOT NULL,
  `cost` varchar(191) COLLATE utf8mb4_unicode_ci NOT NULL,
  `price` varchar(191) COLLATE utf8mb4_unicode_ci NOT NULL,
  `qty` double DEFAULT NULL,
  `alert_quantity` double DEFAULT NULL,
  `promotion` tinyint(4) DEFAULT NULL,
  `promotion_price` varchar(191) COLLATE utf8mb4_unicode_ci DEFAULT NULL,
  `starting_date` varchar(200) COLLATE utf8mb4_unicode_ci DEFAULT NULL,
  `last_date` date DEFAULT NULL,
  `tax_id` int(11) DEFAULT NULL,
  `tax_method` int(11) DEFAULT NULL,
  `image` longtext COLLATE utf8mb4_unicode_ci,
  `file` varchar(191) COLLATE utf8mb4_unicode_ci DEFAULT NULL,
  `is_variant` tinyint(1) DEFAULT NULL,
  `is_batch` tinyint(1) DEFAULT NULL,
  `is_diffPrice` tinyint(1) DEFAULT NULL,
  `featured` tinyint(4) DEFAULT NULL,
  `product_list` varchar(191) COLLATE utf8mb4_unicode_ci DEFAULT NULL,
  `qty_list` varchar(191) COLLATE utf8mb4_unicode_ci DEFAULT NULL,
  `price_list` varchar(191) COLLATE utf8mb4_unicode_ci DEFAULT NULL,
  `product_details` text COLLATE utf8mb4_unicode_ci,
  `is_active` tinyint(1) DEFAULT NULL,
  `created_at` timestamp NULL DEFAULT NULL,
  `updated_at` timestamp NULL DEFAULT NULL,
  PRIMARY KEY (`id`)
) ENGINE=InnoDB AUTO_INCREMENT=37 DEFAULT CHARSET=utf8mb4 COLLATE=utf8mb4_unicode_ci;
/*!40101 SET character_set_client = @saved_cs_client */;

--
-- Dumping data for table `products`
--

LOCK TABLES `products` WRITE;
/*!40000 ALTER TABLE `products` DISABLE KEYS */;
INSERT INTO `products` VALUES (8,'najem bleurose','1','standard','C39',NULL,3,1,1,1,'112','150',10,5,NULL,NULL,NULL,NULL,NULL,NULL,'1662114415198GVT4BlNHJFX81XQp49iU4hkIUR3mQx5w1CQDEz2F_lg.jpeg',NULL,1,NULL,0,0,NULL,NULL,NULL,'<p>slm prix bache mhsob 3likom 150 plus 50DH livraison&nbsp;</p>',1,'2022-09-02 09:29:11','2022-09-20 23:20:30'),(9,'NAJEM-MOV BLEU','2','standard','C39',NULL,3,1,1,1,'112','150',43,15,NULL,NULL,NULL,NULL,NULL,NULL,'1662794533986inrm08CJNbixM0YppOPR8v2RF3q2bLwnkxPvmLLG_lg.jpeg',NULL,1,NULL,0,0,NULL,NULL,NULL,'',1,'2022-09-10 06:24:21','2022-09-10 06:55:51'),(10,'NAJEM-VERT BAJ','3','standard','C39',NULL,3,1,1,1,'112','150',56,15,NULL,NULL,NULL,NULL,NULL,NULL,'1662794715625msvoPeJdIiVyB4lgr7LPQFMeb0Zm4FaHLDxHpqoX_lg.jpeg',NULL,1,NULL,0,0,NULL,NULL,NULL,'',1,'2022-09-10 06:25:48','2022-09-12 22:30:07'),(11,'NAJEM-MOTARD','4','standard','C39',NULL,3,1,1,1,'112','150',0,15,NULL,NULL,NULL,NULL,NULL,NULL,'1662794803777QuQWWHTnLjbLfym6F5l3xNU0FWOsoBp8DESxAPPR_lg.jpeg',NULL,1,NULL,0,0,NULL,NULL,NULL,'',1,'2022-09-10 06:27:20','2022-09-10 06:32:50'),(12,'NOIRE BLEU','5','standard','C39',NULL,3,1,1,1,'112','150',114,15,NULL,NULL,NULL,NULL,NULL,NULL,'1662794888808rDfmFhw72UqWcunvcpiLVaBOccXH63WdjyNjUotc_lg.jpeg',NULL,1,NULL,0,0,NULL,NULL,NULL,'',1,'2022-09-10 06:29:04','2022-09-10 06:58:31'),(13,'NAJEM-MOV','6','standard','C39',NULL,3,1,1,1,'112','150',69,15,NULL,NULL,NULL,NULL,NULL,NULL,'1662794984145xf1AA2po3b6scOyNXfvm6Nim1Vs5eIwJDdJ0bjbb_lg.jpeg',NULL,1,NULL,NULL,NULL,NULL,NULL,NULL,'',1,'2022-09-10 06:31:05','2022-09-12 08:51:24'),(14,'NAJEM-MOV TURABI','7','standard','C39',NULL,3,1,1,1,'112','150',55,15,NULL,NULL,NULL,NULL,NULL,NULL,'1662795813444WhatsApp Image 2022-09-10 at 09.37.29.jpeg',NULL,1,NULL,NULL,NULL,NULL,NULL,NULL,'',1,'2022-09-10 06:44:02','2022-09-12 08:51:23'),(15,'NAJEM-BLEUCIEL','8','standard','C39',NULL,3,1,1,1,'1112','150',78,15,NULL,NULL,NULL,NULL,NULL,NULL,'1662795918055WhatsApp Image 2022-09-10 at 09.37.29 (5).jpeg',NULL,1,NULL,NULL,NULL,NULL,NULL,NULL,'',1,'2022-09-10 06:45:51','2022-09-10 07:01:43'),(16,'NAJEM-NOIRE MARON','9','standard','C39',NULL,3,1,1,1,'112','150',34,15,NULL,NULL,NULL,NULL,NULL,NULL,'1662796024144WhatsApp Image 2022-09-10 at 09.37.29 (4).jpeg',NULL,1,NULL,NULL,NULL,NULL,NULL,NULL,'',1,'2022-09-10 06:47:36','2022-09-10 07:02:37'),(17,'NAJEM-KASBI NOIRE','10','standard','C39',NULL,3,1,1,1,'112','150',62,15,NULL,NULL,NULL,NULL,NULL,NULL,'1662796125985WhatsApp Image 2022-09-10 at 09.37.29 (3).jpeg',NULL,1,NULL,NULL,NULL,NULL,NULL,NULL,'',1,'2022-09-10 06:49:09','2022-09-19 08:59:21'),(18,'NAJEM-GRONA BAJ','11','standard','C39',NULL,3,1,1,1,'112','150',75,15,NULL,NULL,NULL,NULL,NULL,NULL,'1662796242098WhatsApp Image 2022-09-10 at 09.37.29 (2).jpeg',NULL,1,NULL,NULL,NULL,NULL,NULL,NULL,'',1,'2022-09-10 06:51:07','2022-09-10 07:04:35'),(19,'NAJEM- BAJ VERT','12','standard','C39',NULL,3,1,1,1,'112','150',56,15,NULL,NULL,NULL,NULL,NULL,NULL,'1662796340399WhatsApp Image 2022-09-10 at 09.37.29 (1).jpeg',NULL,1,NULL,NULL,NULL,NULL,NULL,NULL,'',1,'2022-09-10 06:53:11','2022-09-12 08:06:22'),(20,'ALMASS-BLUROI','A1','standard','C39',NULL,4,1,1,1,'115','160',75,15,NULL,NULL,NULL,NULL,NULL,NULL,'1662797887989WhatsApp Image 2022-09-09 at 12.42.45.jpeg',NULL,1,NULL,NULL,NULL,NULL,NULL,NULL,'',1,'2022-09-10 07:18:49','2022-09-11 16:27:11'),(21,'ALMASS-GHOSE FONCé','A2','standard','C39',NULL,4,1,1,1,'115','160',78,15,NULL,NULL,NULL,NULL,NULL,NULL,'1662798012859WhatsApp Image 2022-09-09 at 12.42.46 (1).jpeg',NULL,1,NULL,NULL,NULL,NULL,NULL,NULL,'',1,'2022-09-10 07:20:57','2022-09-12 08:12:20'),(22,'ALMASS-ROSE CLAIRE','A3','standard','C39',NULL,4,1,1,1,'115','160',79,15,NULL,NULL,NULL,NULL,NULL,NULL,'1662798631193WhatsApp Image 2022-09-09 at 12.42.46.jpeg',NULL,1,NULL,NULL,NULL,NULL,NULL,NULL,'',1,'2022-09-10 07:30:49','2022-09-18 14:50:15'),(23,'ALMASS-GRONA','A4','standard','C39',NULL,4,1,1,1,'115','160',80,15,NULL,NULL,NULL,NULL,NULL,NULL,'1662798696658WhatsApp Image 2022-09-09 at 12.42.47 (1).jpeg',NULL,1,NULL,NULL,NULL,NULL,NULL,NULL,'',1,'2022-09-10 07:32:04','2022-09-10 07:38:04'),(24,'ALMASS-VERT','A5','standard','C39',NULL,4,1,1,1,'115','160',79,NULL,NULL,NULL,NULL,NULL,NULL,NULL,'1662798788289WhatsApp Image 2022-09-09 at 12.42.47.jpeg',NULL,1,NULL,NULL,NULL,NULL,NULL,NULL,'',1,'2022-09-10 07:33:25','2022-09-14 22:19:11'),(25,'ALMASS-BLUMARIN','A6','standard','C39',NULL,4,1,1,1,'115','160',80,NULL,NULL,NULL,NULL,NULL,NULL,NULL,'1662798856051WhatsApp Image 2022-09-09 at 12.42.48.jpeg',NULL,1,NULL,NULL,NULL,NULL,NULL,NULL,'',1,'2022-09-10 07:34:51','2022-09-10 07:39:23'),(26,'RIHANA-CIEL','R1','standard','C39',NULL,4,1,1,1,'115','155',57,15,NULL,NULL,NULL,NULL,NULL,NULL,'1662912585640WhatsApp Image 2022-09-11 at 17.59.57.jpeg',NULL,1,NULL,0,0,NULL,NULL,NULL,'',1,'2022-09-11 15:10:09','2022-09-11 21:56:21'),(27,'RIHANA-GRONA','R2','standard','C39',NULL,4,1,1,1,'115','155',90,15,NULL,NULL,NULL,NULL,NULL,NULL,'1662912668553WhatsApp Image 2022-09-11 at 17.59.58 (1).jpeg',NULL,1,NULL,NULL,NULL,NULL,NULL,NULL,'',1,'2022-09-11 15:11:26','2022-09-12 06:43:25'),(28,'RIHANA-BLUROI','R3','standard','C39',NULL,4,1,1,1,'115','155',60,15,NULL,NULL,NULL,NULL,NULL,NULL,'1662912772426WhatsApp Image 2022-09-11 at 17.59.58 (2).jpeg',NULL,1,NULL,0,0,NULL,NULL,NULL,'',1,'2022-09-11 15:13:05','2022-09-18 14:50:15'),(29,'RIHANA-ROSE','R4','standard','C39',NULL,4,1,1,1,'115','155',75,15,NULL,NULL,NULL,NULL,NULL,NULL,'1662912935953WhatsApp Image 2022-09-11 at 17.59.58 (3).jpeg',NULL,1,NULL,NULL,NULL,NULL,NULL,NULL,'',1,'2022-09-11 15:15:51','2022-09-12 06:43:25'),(30,'RIHANA-VERT','R5','standard','C39',NULL,4,1,1,1,'115','155',75,15,NULL,NULL,NULL,NULL,NULL,NULL,'1662913036962WhatsApp Image 2022-09-11 at 17.59.58 (4).jpeg',NULL,1,NULL,NULL,NULL,NULL,NULL,NULL,'',1,'2022-09-11 15:17:33','2022-09-12 08:15:17'),(31,'RIHANA-BAJ','R6','standard','C39',NULL,4,1,1,1,'115','155',76,NULL,NULL,NULL,NULL,NULL,NULL,NULL,'1662913099996WhatsApp Image 2022-09-11 at 17.59.58 (5).jpeg',NULL,1,NULL,NULL,NULL,NULL,NULL,NULL,'',1,'2022-09-11 15:18:39','2022-09-11 15:32:38'),(32,'RIHANA-BLUMARIN','R7','standard','C39',NULL,4,1,1,1,'115','155',78,15,NULL,NULL,NULL,NULL,NULL,NULL,'1662913211554WhatsApp Image 2022-09-11 at 17.59.58.jpeg',NULL,1,NULL,NULL,NULL,NULL,NULL,NULL,'',1,'2022-09-11 15:20:31','2022-09-11 15:32:38'),(33,'SEDAF-GRONA BAJ','S1','standard','C39',NULL,3,1,1,1,'112','150',0,NULL,NULL,NULL,NULL,NULL,NULL,NULL,'1663438080359a9dK37n2gdV2EQcT0ZC2N2myegzogefYHdcNZE0U_lg.jpeg',NULL,1,NULL,NULL,NULL,NULL,NULL,NULL,'',1,'2022-09-17 17:10:19','2022-09-17 17:10:19'),(34,'SEDAF-BLUCIEL','S2','standard','C39',NULL,3,1,1,1,'112','150',0,NULL,NULL,NULL,NULL,NULL,NULL,NULL,'1663438379932GNleIbeFxxrB85jZa2WNsmKp8dcfdEQQvyeFcxRx_lg.jpeg',NULL,1,NULL,NULL,NULL,NULL,NULL,NULL,'',1,'2022-09-17 17:14:41','2022-09-17 17:14:41'),(35,'SEDAF-MOVE BAJ','S3','standard','C39',NULL,3,1,1,1,'112','150',0,NULL,NULL,NULL,NULL,NULL,NULL,NULL,'1663438601552JDlmSNuWvJgUcGMQUJ7wz2YTZlpvwNjDZcPKcDJm_lg.jpeg',NULL,1,NULL,NULL,NULL,NULL,NULL,NULL,'',1,'2022-09-17 17:18:40','2022-09-17 17:18:40'),(36,'SEDAF-NOIR MARO','S4','standard','C39',NULL,3,1,1,1,'112','150',0,NULL,NULL,NULL,NULL,NULL,NULL,NULL,'1663438791899BvdfozqP3agd9Mnb1079zvNWVVAA4NbAtqr5ROOJ_lg.jpeg',NULL,1,NULL,NULL,NULL,NULL,NULL,NULL,'',1,'2022-09-17 17:21:24','2022-09-17 17:21:24');
/*!40000 ALTER TABLE `products` ENABLE KEYS */;
UNLOCK TABLES;

--
-- Table structure for table `purchase_product_return`
--

DROP TABLE IF EXISTS `purchase_product_return`;
/*!40101 SET @saved_cs_client     = @@character_set_client */;
/*!40101 SET character_set_client = utf8 */;
CREATE TABLE `purchase_product_return` (
  `id` int(10) unsigned NOT NULL AUTO_INCREMENT,
  `return_id` int(11) NOT NULL,
  `product_id` int(11) NOT NULL,
  `product_batch_id` int(11) DEFAULT NULL,
  `variant_id` int(11) DEFAULT NULL,
  `qty` double NOT NULL,
  `purchase_unit_id` int(11) NOT NULL,
  `net_unit_cost` double NOT NULL,
  `discount` double NOT NULL,
  `tax_rate` double NOT NULL,
  `tax` double NOT NULL,
  `total` double NOT NULL,
  `created_at` timestamp NULL DEFAULT NULL,
  `updated_at` timestamp NULL DEFAULT NULL,
  PRIMARY KEY (`id`)
) ENGINE=InnoDB DEFAULT CHARSET=utf8mb4 COLLATE=utf8mb4_unicode_ci;
/*!40101 SET character_set_client = @saved_cs_client */;

--
-- Dumping data for table `purchase_product_return`
--

LOCK TABLES `purchase_product_return` WRITE;
/*!40000 ALTER TABLE `purchase_product_return` DISABLE KEYS */;
/*!40000 ALTER TABLE `purchase_product_return` ENABLE KEYS */;
UNLOCK TABLES;

--
-- Table structure for table `purchases`
--

DROP TABLE IF EXISTS `purchases`;
/*!40101 SET @saved_cs_client     = @@character_set_client */;
/*!40101 SET character_set_client = utf8 */;
CREATE TABLE `purchases` (
  `id` int(10) unsigned NOT NULL AUTO_INCREMENT,
  `reference_no` varchar(191) COLLATE utf8mb4_unicode_ci NOT NULL,
  `user_id` int(11) NOT NULL,
  `warehouse_id` int(11) DEFAULT NULL,
  `supplier_id` int(11) DEFAULT NULL,
  `item` int(11) NOT NULL,
  `total_qty` double NOT NULL,
  `total_discount` double NOT NULL,
  `total_tax` double NOT NULL,
  `total_cost` double NOT NULL,
  `order_tax_rate` double DEFAULT NULL,
  `order_tax` double DEFAULT NULL,
  `order_discount` double DEFAULT NULL,
  `shipping_cost` double DEFAULT NULL,
  `grand_total` double NOT NULL,
  `paid_amount` double NOT NULL,
  `status` int(11) NOT NULL,
  `payment_status` int(11) NOT NULL,
  `document` varchar(191) COLLATE utf8mb4_unicode_ci DEFAULT NULL,
  `note` text COLLATE utf8mb4_unicode_ci,
  `created_at` timestamp NULL DEFAULT NULL,
  `updated_at` timestamp NULL DEFAULT NULL,
  PRIMARY KEY (`id`)
) ENGINE=InnoDB AUTO_INCREMENT=30 DEFAULT CHARSET=utf8mb4 COLLATE=utf8mb4_unicode_ci;
/*!40101 SET character_set_client = @saved_cs_client */;

--
-- Dumping data for table `purchases`
--

LOCK TABLES `purchases` WRITE;
/*!40000 ALTER TABLE `purchases` DISABLE KEYS */;
INSERT INTO `purchases` VALUES (11,'pr-noure-100922-081729',30,NULL,NULL,4,19,0,0,2128,0,0,NULL,NULL,2128,2128,1,2,NULL,NULL,'2022-09-10 06:17:29','2022-09-10 06:17:47'),(12,'pr-noure-100922-085551',30,NULL,NULL,4,43,0,0,4816,0,0,NULL,NULL,4816,0,1,1,NULL,NULL,'2022-09-10 06:55:51','2022-09-10 06:55:51'),(13,'pr-noure-100922-085643',30,NULL,NULL,4,58,0,0,6496,0,0,NULL,NULL,6496,0,1,1,NULL,NULL,'2022-09-10 06:56:43','2022-09-10 06:56:43'),(14,'pr-noure-100922-085831',30,NULL,NULL,4,114,0,0,12768,0,0,NULL,NULL,12768,0,1,1,NULL,NULL,'2022-09-10 06:58:31','2022-09-10 06:58:31'),(15,'pr-noure-100922-085937',30,NULL,NULL,4,71,0,0,7952,0,0,NULL,NULL,7952,0,1,1,NULL,NULL,'2022-09-10 06:59:37','2022-09-10 06:59:37'),(16,'pr-noure-100922-090041',30,NULL,NULL,4,56,0,0,6272,0,0,NULL,NULL,6272,0,1,1,NULL,NULL,'2022-09-10 07:00:41','2022-09-10 07:00:41'),(17,'pr-noure-100922-090143',30,NULL,NULL,4,78,0,0,86736,0,0,NULL,NULL,86736,0,1,1,NULL,NULL,'2022-09-10 07:01:43','2022-09-10 07:01:43'),(18,'pr-noure-100922-090237',30,NULL,NULL,4,34,0,0,3808,0,0,NULL,NULL,3808,0,1,1,NULL,NULL,'2022-09-10 07:02:37','2022-09-10 07:02:37'),(19,'pr-noure-100922-090345',30,NULL,NULL,4,63,0,0,7056,0,0,NULL,NULL,7056,0,1,1,NULL,NULL,'2022-09-10 07:03:45','2022-09-10 07:03:45'),(20,'pr-noure-100922-090435',30,NULL,NULL,4,75,0,0,8400,0,0,NULL,NULL,8400,0,1,1,NULL,NULL,'2022-09-10 07:04:35','2022-09-10 07:04:35'),(21,'pr-noure-100922-090539',30,NULL,NULL,4,58,0,0,6496,0,0,NULL,NULL,6496,0,1,1,NULL,NULL,'2022-09-10 07:05:39','2022-09-10 07:05:39'),(22,'pr-noure-100922-093556',30,NULL,NULL,4,80,0,0,9200,0,0,NULL,NULL,9200,0,1,1,NULL,NULL,'2022-09-10 07:35:56','2022-09-10 07:35:56'),(23,'pr-noure-100922-093638',30,NULL,NULL,4,80,0,0,9200,0,0,NULL,NULL,9200,0,1,1,NULL,NULL,'2022-09-10 07:36:38','2022-09-10 07:36:38'),(24,'pr-noure-100922-093722',30,NULL,NULL,4,80,0,0,9200,0,0,NULL,NULL,9200,0,1,1,NULL,NULL,'2022-09-10 07:37:22','2022-09-10 07:37:22'),(25,'pr-noure-100922-093804',30,NULL,NULL,4,80,0,0,9200,0,0,NULL,NULL,9200,0,1,1,NULL,NULL,'2022-09-10 07:38:04','2022-09-10 07:38:04'),(26,'pr-noure-100922-093837',30,NULL,NULL,4,80,0,0,9200,0,0,NULL,NULL,9200,0,1,1,NULL,NULL,'2022-09-10 07:38:37','2022-09-10 07:38:37'),(27,'pr-noure-100922-093923',30,NULL,NULL,4,80,0,0,9200,0,0,NULL,NULL,9200,0,1,1,NULL,NULL,'2022-09-10 07:39:23','2022-09-10 07:39:23'),(28,'pr-noure-110922-173238',30,NULL,NULL,24,456,0,0,52440,0,0,NULL,NULL,52440,0,1,1,NULL,NULL,'2022-09-11 15:32:38','2022-09-11 15:32:38'),(29,'pr-noure-110922-173636',30,NULL,NULL,4,62,0,0,7130,0,0,NULL,NULL,7130,0,1,1,NULL,NULL,'2022-09-11 15:36:36','2022-09-11 15:36:36');
/*!40000 ALTER TABLE `purchases` ENABLE KEYS */;
UNLOCK TABLES;

--
-- Table structure for table `quotations`
--

DROP TABLE IF EXISTS `quotations`;
/*!40101 SET @saved_cs_client     = @@character_set_client */;
/*!40101 SET character_set_client = utf8 */;
CREATE TABLE `quotations` (
  `id` int(10) unsigned NOT NULL AUTO_INCREMENT,
  `reference_no` varchar(191) COLLATE utf8mb4_unicode_ci NOT NULL,
  `user_id` int(11) NOT NULL,
  `biller_id` int(11) NOT NULL,
  `supplier_id` int(11) DEFAULT NULL,
  `customer_id` int(11) NOT NULL,
  `warehouse_id` int(11) NOT NULL,
  `item` int(11) NOT NULL,
  `total_qty` double NOT NULL,
  `total_discount` double NOT NULL,
  `total_tax` double NOT NULL,
  `total_price` double NOT NULL,
  `order_tax_rate` double DEFAULT NULL,
  `order_tax` double DEFAULT NULL,
  `order_discount` double DEFAULT NULL,
  `shipping_cost` double DEFAULT NULL,
  `grand_total` double NOT NULL,
  `quotation_status` int(11) NOT NULL,
  `document` varchar(191) COLLATE utf8mb4_unicode_ci DEFAULT NULL,
  `note` text COLLATE utf8mb4_unicode_ci,
  `created_at` timestamp NULL DEFAULT NULL,
  `updated_at` timestamp NULL DEFAULT NULL,
  PRIMARY KEY (`id`)
) ENGINE=InnoDB DEFAULT CHARSET=utf8mb4 COLLATE=utf8mb4_unicode_ci;
/*!40101 SET character_set_client = @saved_cs_client */;

--
-- Dumping data for table `quotations`
--

LOCK TABLES `quotations` WRITE;
/*!40000 ALTER TABLE `quotations` DISABLE KEYS */;
/*!40000 ALTER TABLE `quotations` ENABLE KEYS */;
UNLOCK TABLES;

--
-- Table structure for table `return_purchases`
--

DROP TABLE IF EXISTS `return_purchases`;
/*!40101 SET @saved_cs_client     = @@character_set_client */;
/*!40101 SET character_set_client = utf8 */;
CREATE TABLE `return_purchases` (
  `id` int(10) unsigned NOT NULL AUTO_INCREMENT,
  `reference_no` varchar(191) COLLATE utf8mb4_unicode_ci NOT NULL,
  `supplier_id` int(11) DEFAULT NULL,
  `warehouse_id` int(11) NOT NULL,
  `user_id` int(11) NOT NULL,
  `account_id` int(11) NOT NULL,
  `item` int(11) NOT NULL,
  `total_qty` double NOT NULL,
  `total_discount` double NOT NULL,
  `total_tax` double NOT NULL,
  `total_cost` double NOT NULL,
  `order_tax_rate` double DEFAULT NULL,
  `order_tax` double DEFAULT NULL,
  `grand_total` double NOT NULL,
  `document` varchar(191) COLLATE utf8mb4_unicode_ci DEFAULT NULL,
  `return_note` text COLLATE utf8mb4_unicode_ci,
  `staff_note` text COLLATE utf8mb4_unicode_ci,
  `created_at` timestamp NULL DEFAULT NULL,
  `updated_at` timestamp NULL DEFAULT NULL,
  PRIMARY KEY (`id`)
) ENGINE=InnoDB DEFAULT CHARSET=utf8mb4 COLLATE=utf8mb4_unicode_ci;
/*!40101 SET character_set_client = @saved_cs_client */;

--
-- Dumping data for table `return_purchases`
--

LOCK TABLES `return_purchases` WRITE;
/*!40000 ALTER TABLE `return_purchases` DISABLE KEYS */;
/*!40000 ALTER TABLE `return_purchases` ENABLE KEYS */;
UNLOCK TABLES;

--
-- Table structure for table `returns`
--

DROP TABLE IF EXISTS `returns`;
/*!40101 SET @saved_cs_client     = @@character_set_client */;
/*!40101 SET character_set_client = utf8 */;
CREATE TABLE `returns` (
  `id` int(10) unsigned NOT NULL AUTO_INCREMENT,
  `reference_no` varchar(191) COLLATE utf8mb4_unicode_ci NOT NULL,
  `user_id` int(11) NOT NULL,
  `cash_register_id` int(11) DEFAULT NULL,
  `customer_id` int(11) NOT NULL,
  `warehouse_id` int(11) NOT NULL,
  `biller_id` int(11) NOT NULL,
  `account_id` int(11) NOT NULL,
  `item` int(11) NOT NULL,
  `total_qty` double NOT NULL,
  `total_discount` double NOT NULL,
  `total_tax` double NOT NULL,
  `total_price` double NOT NULL,
  `order_tax_rate` double DEFAULT NULL,
  `order_tax` double DEFAULT NULL,
  `grand_total` double NOT NULL,
  `document` varchar(191) COLLATE utf8mb4_unicode_ci DEFAULT NULL,
  `return_note` text COLLATE utf8mb4_unicode_ci,
  `staff_note` text COLLATE utf8mb4_unicode_ci,
  `created_at` timestamp NULL DEFAULT NULL,
  `updated_at` timestamp NULL DEFAULT NULL,
  PRIMARY KEY (`id`)
) ENGINE=InnoDB DEFAULT CHARSET=utf8mb4 COLLATE=utf8mb4_unicode_ci;
/*!40101 SET character_set_client = @saved_cs_client */;

--
-- Dumping data for table `returns`
--

LOCK TABLES `returns` WRITE;
/*!40000 ALTER TABLE `returns` DISABLE KEYS */;
/*!40000 ALTER TABLE `returns` ENABLE KEYS */;
UNLOCK TABLES;

--
-- Table structure for table `role_has_permissions`
--

DROP TABLE IF EXISTS `role_has_permissions`;
/*!40101 SET @saved_cs_client     = @@character_set_client */;
/*!40101 SET character_set_client = utf8 */;
CREATE TABLE `role_has_permissions` (
  `permission_id` int(10) unsigned NOT NULL,
  `role_id` int(10) unsigned NOT NULL,
  PRIMARY KEY (`permission_id`,`role_id`),
  KEY `role_has_permissions_role_id_foreign` (`role_id`),
  CONSTRAINT `role_has_permissions_permission_id_foreign` FOREIGN KEY (`permission_id`) REFERENCES `permissions` (`id`) ON DELETE CASCADE,
  CONSTRAINT `role_has_permissions_role_id_foreign` FOREIGN KEY (`role_id`) REFERENCES `roles` (`id`) ON DELETE CASCADE
) ENGINE=InnoDB DEFAULT CHARSET=utf8mb4 COLLATE=utf8mb4_unicode_ci;
/*!40101 SET character_set_client = @saved_cs_client */;

--
-- Dumping data for table `role_has_permissions`
--

LOCK TABLES `role_has_permissions` WRITE;
/*!40000 ALTER TABLE `role_has_permissions` DISABLE KEYS */;
INSERT INTO `role_has_permissions` VALUES (4,1),(5,1),(6,1),(7,1),(8,1),(9,1),(10,1),(11,1),(12,1),(13,1),(14,1),(15,1),(24,1),(25,1),(26,1),(27,1),(28,1),(29,1),(30,1),(31,1),(32,1),(33,1),(34,1),(35,1),(36,1),(37,1),(38,1),(39,1),(40,1),(41,1),(42,1),(43,1),(44,1),(45,1),(46,1),(47,1),(48,1),(49,1),(50,1),(51,1),(52,1),(53,1),(54,1),(55,1),(56,1),(57,1),(58,1),(59,1),(60,1),(61,1),(62,1),(63,1),(64,1),(65,1),(66,1),(67,1),(69,1),(77,1),(78,1),(79,1),(80,1),(81,1),(82,1),(83,1),(84,1),(85,1),(86,1),(87,1),(88,1),(90,1),(91,1),(92,1),(93,1),(94,1),(95,1),(96,1),(98,1),(99,1),(100,1),(101,1),(102,1),(103,1),(104,1),(105,1),(106,1),(107,1),(108,1),(7,4),(12,4),(13,4),(14,4),(99,4),(105,4),(107,4),(4,6),(6,6),(7,6);
/*!40000 ALTER TABLE `role_has_permissions` ENABLE KEYS */;
UNLOCK TABLES;

--
-- Table structure for table `roles`
--

DROP TABLE IF EXISTS `roles`;
/*!40101 SET @saved_cs_client     = @@character_set_client */;
/*!40101 SET character_set_client = utf8 */;
CREATE TABLE `roles` (
  `id` int(10) unsigned NOT NULL AUTO_INCREMENT,
  `name` varchar(191) COLLATE utf8mb4_unicode_ci NOT NULL,
  `description` text COLLATE utf8mb4_unicode_ci,
  `guard_name` varchar(191) COLLATE utf8mb4_unicode_ci DEFAULT NULL,
  `is_active` tinyint(1) NOT NULL,
  `created_at` timestamp NULL DEFAULT NULL,
  `updated_at` timestamp NULL DEFAULT NULL,
  PRIMARY KEY (`id`)
) ENGINE=InnoDB AUTO_INCREMENT=7 DEFAULT CHARSET=utf8mb4 COLLATE=utf8mb4_unicode_ci;
/*!40101 SET character_set_client = @saved_cs_client */;

--
-- Dumping data for table `roles`
--

LOCK TABLES `roles` WRITE;
/*!40000 ALTER TABLE `roles` DISABLE KEYS */;
INSERT INTO `roles` VALUES (1,'Admin','Administrateur du système','web',1,'2018-06-01 23:46:44','2022-01-07 20:39:04'),(4,'Vendeur','Rôle Vendeur','web',1,'2018-06-02 00:05:27','2022-01-07 20:38:33'),(5,'Client','Rôle Client','web',1,'2020-11-05 06:43:16','2022-01-07 20:38:48'),(6,'Produit manager',NULL,'web',1,'2022-09-12 20:55:24','2022-09-12 20:55:24');
/*!40000 ALTER TABLE `roles` ENABLE KEYS */;
UNLOCK TABLES;

--
-- Table structure for table `sales`
--

DROP TABLE IF EXISTS `sales`;
/*!40101 SET @saved_cs_client     = @@character_set_client */;
/*!40101 SET character_set_client = utf8 */;
CREATE TABLE `sales` (
  `id` int(10) unsigned NOT NULL AUTO_INCREMENT,
  `reference_no` varchar(191) COLLATE utf8mb4_unicode_ci NOT NULL,
  `user_id` int(11) NOT NULL,
  `customer_name` varchar(191) COLLATE utf8mb4_unicode_ci NOT NULL,
  `customer_tel` varchar(191) COLLATE utf8mb4_unicode_ci NOT NULL,
  `customer_city` int(11) NOT NULL,
  `customer_address` text COLLATE utf8mb4_unicode_ci NOT NULL,
  `item` int(11) NOT NULL,
  `total_qty` double NOT NULL,
  `total_discount` double NOT NULL,
  `total_tax` double NOT NULL,
  `total_price` double NOT NULL,
  `livraison` int(11) NOT NULL,
  `grand_total` double NOT NULL,
  `order_tax_rate` double DEFAULT NULL,
  `order_tax` double DEFAULT NULL,
  `order_discount` double DEFAULT NULL,
  `coupon_id` int(11) DEFAULT NULL,
  `coupon_discount` double DEFAULT NULL,
  `shipping_cost` double DEFAULT NULL,
  `sale_status` int(11) NOT NULL,
  `payment_status` int(11) NOT NULL,
  `is_valide` tinyint(1) DEFAULT NULL,
  `delivery_status` int(11) DEFAULT NULL,
  `document` varchar(191) COLLATE utf8mb4_unicode_ci DEFAULT NULL,
  `paid_amount` double DEFAULT NULL,
  `sale_note` text COLLATE utf8mb4_unicode_ci,
  `staff_note` text COLLATE utf8mb4_unicode_ci,
  `created_at` timestamp NULL DEFAULT NULL,
  `updated_at` timestamp NULL DEFAULT NULL,
  PRIMARY KEY (`id`)
) ENGINE=InnoDB AUTO_INCREMENT=62 DEFAULT CHARSET=utf8mb4 COLLATE=utf8mb4_unicode_ci;
/*!40101 SET character_set_client = @saved_cs_client */;

--
-- Dumping data for table `sales`
--

LOCK TABLES `sales` WRITE;
/*!40000 ALTER TABLE `sales` DISABLE KEYS */;
INSERT INTO `sales` VALUES (36,'nouh-100922-095042',35,'Noureddine','0660397499',113,'fes',1,1,0,0,260,50,260,0,0,NULL,NULL,NULL,NULL,1,2,1,4,NULL,NULL,NULL,NULL,'2022-09-10 07:52:45','2022-09-11 16:03:38'),(37,'nouh-100922-095313',35,'محمد','0754987547',30,'Wgsnvsjzj',1,1,0,0,250,50,250,0,0,0,NULL,NULL,0,1,2,1,4,NULL,NULL,NULL,NULL,'2022-09-10 07:54:21','2022-09-10 07:57:05'),(38,'mabougrine-100922-172232',39,'فتيحة','0707402655',3,'حي مولاي رشيد',1,1,0,0,260,50,260,0,0,NULL,NULL,NULL,NULL,1,2,1,4,NULL,NULL,NULL,NULL,'2022-09-10 15:34:54','2022-09-10 15:38:46'),(39,'mabougrine-100922-174423',39,'karima','0707402655',236,'hbona',2,2,0,0,510,50,510,0,0,NULL,NULL,NULL,NULL,1,2,1,4,NULL,NULL,NULL,NULL,'2022-09-10 15:46:11','2022-09-10 16:04:14'),(40,'ezzahrae-110922-174445',40,'Ouafae guerouad','0612988638',178,'Hay mabrouka, Résidence najd IMM C30 APP 8',1,1,0,0,280,50,280,0,0,0,NULL,NULL,0,1,2,1,4,NULL,NULL,NULL,NULL,'2022-09-11 15:53:18','2022-09-12 16:35:56'),(41,'ezzahrae-110922-180901',40,'جليلة الشرقاوي','0666262367',161,'طريق الرباط غرسة شاوش تجزئة منى رقم 19',1,1,0,0,260,50,260,0,0,0,NULL,NULL,0,1,2,1,4,NULL,NULL,NULL,NULL,'2022-09-11 16:12:11','2022-09-12 22:12:42'),(42,'ezzahrae-110922-181304',40,'Khadija laabi','0656970650',285,'شارع حسن الأول خوصفات',1,1,0,0,280,50,280,0,0,0,NULL,NULL,0,1,2,1,4,NULL,NULL,NULL,NULL,'2022-09-11 16:19:18','2022-09-14 02:20:02'),(43,'mabougrine-110922-182618',39,'majda','0707402655',236,'hbona',1,1,0,0,260,50,260,0,0,NULL,NULL,NULL,NULL,1,2,1,4,NULL,NULL,NULL,NULL,'2022-09-11 16:27:11','2022-09-12 18:42:24'),(44,'hdr-110922-184515',42,'loubna','0601700629',300,'Tetouane',1,1,0,0,250,50,250,0,0,0,NULL,NULL,0,1,2,1,4,NULL,NULL,NULL,NULL,'2022-09-11 16:46:39','2022-09-11 17:09:15'),(45,'nouh-110922-235511',35,'Gij','0660397499',113,'Ain nekbi n9 b3 fes\r\nAin nekbi n9 b3 fes',1,1,0,0,1000,50,1000,0,0,NULL,NULL,NULL,NULL,1,2,1,10,NULL,NULL,NULL,NULL,'2022-09-11 21:56:21','2022-09-12 20:39:56'),(46,'nouh-120922-084152',35,'Noureddine','0660397499',113,'Ain nekbi n9 b3 fes\r\nAin nekbi n9 b3 fes',3,3,0,0,750,50,750,0,0,NULL,NULL,NULL,NULL,1,2,1,4,NULL,NULL,NULL,NULL,'2022-09-12 06:43:25','2022-09-12 06:45:12'),(47,'yamani-120922-100128',41,'Achraf','0636689029',206,'Oudaya Marrakech',1,1,0,0,150,50,150,0,0,NULL,NULL,NULL,NULL,1,2,1,5,NULL,NULL,NULL,NULL,'2022-09-12 08:06:22','2022-09-12 18:43:26'),(48,'yamani-120922-100802',41,'شيماء العروي','0636689029',52,'Ben hmed',1,1,0,0,250,50,250,0,0,0,NULL,NULL,0,1,2,1,4,NULL,NULL,NULL,NULL,'2022-09-12 08:11:19','2022-09-12 18:43:10'),(49,'yamani-120922-101344',41,'Safaa','0755382145',83,'Sidi athman',1,1,0,0,260,50,260,0,0,NULL,NULL,NULL,NULL,1,2,1,4,NULL,NULL,NULL,NULL,'2022-09-12 08:15:17','2022-09-12 18:43:49'),(50,'elgharibi-120922-104907',46,'Tarik tchioucha','0648456195',57,'Matar',3,3,0,0,750,50,750,0,0,NULL,NULL,NULL,NULL,1,2,1,4,NULL,NULL,NULL,NULL,'2022-09-12 08:51:23','2022-09-12 08:54:13'),(51,'noure-120922-230444',30,'Noureddine','0660397499',113,'Ain nekbi n9 b3 fes\r\nAin nekbi n9 b3 fes',2,2,0,0,300,50,300,0,0,NULL,NULL,NULL,NULL,1,2,0,NULL,NULL,NULL,NULL,NULL,'2022-09-12 21:05:06','2022-09-12 21:05:06'),(52,'arf-130922-002941',47,'Noureddine','0660397499',113,'Ain nekbi n9 b3 fes\r\nAin nekbi n9 b3 fes',1,1,0,0,1000,50,1000,0,0,NULL,NULL,NULL,NULL,1,2,1,4,NULL,NULL,NULL,NULL,'2022-09-12 22:30:07','2022-09-12 22:30:54'),(53,'nouh-140922-111024',35,'Noureddine','0660397499',113,'Ain nekbi n9 b3 fes\r\nAin nekbi n9 b3 fes',1,1,0,0,250,40,250,0,0,0,NULL,NULL,0,1,2,1,4,NULL,NULL,NULL,NULL,'2022-09-14 09:10:58','2022-09-14 09:12:00'),(54,'ezzahrae-150922-001629',40,'Hajar Rharrad','0638722207',83,'BD Oujda Résidence jawharat oujda belvédère Casablanca',1,1,0,0,280,50,280,0,0,0,NULL,NULL,0,1,2,1,4,NULL,NULL,NULL,NULL,'2022-09-14 22:18:27','2022-09-17 05:17:46'),(55,'nouh-160922-161412',35,'Gkc','0660397499',113,'Ain nekbi n9 b3 fes\r\nAin nekbi n9 b3 fes',1,1,0,0,2000,50,2000,0,0,NULL,NULL,NULL,NULL,1,2,1,4,NULL,NULL,NULL,NULL,'2022-09-16 14:14:56','2022-09-16 14:17:01'),(56,'ezzahrae-180922-164459',40,'نجوى البرومي','0671951920',139,'Village Issaguen Al hoceima',2,2,0,0,460,50,460,0,0,0,NULL,NULL,0,1,2,1,2,NULL,NULL,NULL,NULL,'2022-09-18 14:49:18','2022-09-20 06:47:02'),(57,'abbeid-190922-105634',52,'Agoujil','0627651922',224,'Hay read',1,1,0,0,250,50,250,0,0,0,NULL,NULL,0,1,2,1,4,NULL,NULL,NULL,NULL,'2022-09-19 08:58:31','2022-09-19 09:01:27'),(58,'abbeid-190922-110745',52,'Nrd','0654320416',2,'Matar',1,1,0,0,600,50,600,0,0,NULL,NULL,NULL,NULL,1,2,1,4,NULL,NULL,NULL,NULL,'2022-09-19 09:09:09','2022-09-19 09:09:34'),(59,'agougil-190922-110827',53,'mohammed','0624658512',2,'hey rayad',1,1,0,0,150,50,150,0,0,NULL,NULL,NULL,NULL,1,2,1,NULL,NULL,NULL,NULL,NULL,'2022-09-19 09:09:56','2022-09-19 09:09:56'),(60,'agougil-190922-111228',53,'hassan','0621316458',3,'hey raja',1,1,0,0,500,50,500,0,0,NULL,NULL,NULL,NULL,1,2,1,4,NULL,NULL,NULL,NULL,'2022-09-19 09:13:59','2022-09-19 09:14:41'),(61,'tarik-210922-001748',1,'طارق بوقجيج بو قجيج','0689385061',11,'المخلف للعود',1,1,0,0,280,50,280,0,0,NULL,NULL,NULL,NULL,1,2,0,NULL,NULL,NULL,NULL,NULL,'2022-09-20 23:20:30','2022-09-20 23:20:30');
/*!40000 ALTER TABLE `sales` ENABLE KEYS */;
UNLOCK TABLES;

--
-- Table structure for table `stock_counts`
--

DROP TABLE IF EXISTS `stock_counts`;
/*!40101 SET @saved_cs_client     = @@character_set_client */;
/*!40101 SET character_set_client = utf8 */;
CREATE TABLE `stock_counts` (
  `id` int(10) unsigned NOT NULL AUTO_INCREMENT,
  `reference_no` varchar(191) COLLATE utf8mb4_unicode_ci NOT NULL,
  `warehouse_id` int(11) NOT NULL,
  `category_id` varchar(191) COLLATE utf8mb4_unicode_ci DEFAULT NULL,
  `brand_id` varchar(191) COLLATE utf8mb4_unicode_ci DEFAULT NULL,
  `user_id` int(11) NOT NULL,
  `type` varchar(191) COLLATE utf8mb4_unicode_ci NOT NULL,
  `initial_file` varchar(191) COLLATE utf8mb4_unicode_ci DEFAULT NULL,
  `final_file` varchar(191) COLLATE utf8mb4_unicode_ci DEFAULT NULL,
  `note` text COLLATE utf8mb4_unicode_ci,
  `is_adjusted` tinyint(1) NOT NULL,
  `created_at` timestamp NULL DEFAULT NULL,
  `updated_at` timestamp NULL DEFAULT NULL,
  PRIMARY KEY (`id`)
) ENGINE=InnoDB DEFAULT CHARSET=utf8mb4 COLLATE=utf8mb4_unicode_ci;
/*!40101 SET character_set_client = @saved_cs_client */;

--
-- Dumping data for table `stock_counts`
--

LOCK TABLES `stock_counts` WRITE;
/*!40000 ALTER TABLE `stock_counts` DISABLE KEYS */;
/*!40000 ALTER TABLE `stock_counts` ENABLE KEYS */;
UNLOCK TABLES;

--
-- Table structure for table `suppliers`
--

DROP TABLE IF EXISTS `suppliers`;
/*!40101 SET @saved_cs_client     = @@character_set_client */;
/*!40101 SET character_set_client = utf8 */;
CREATE TABLE `suppliers` (
  `id` int(10) unsigned NOT NULL AUTO_INCREMENT,
  `name` varchar(191) COLLATE utf8mb4_unicode_ci NOT NULL,
  `image` varchar(191) COLLATE utf8mb4_unicode_ci DEFAULT NULL,
  `company_name` varchar(191) COLLATE utf8mb4_unicode_ci NOT NULL,
  `vat_number` varchar(191) COLLATE utf8mb4_unicode_ci DEFAULT NULL,
  `email` varchar(191) COLLATE utf8mb4_unicode_ci NOT NULL,
  `phone_number` varchar(191) COLLATE utf8mb4_unicode_ci NOT NULL,
  `address` varchar(191) COLLATE utf8mb4_unicode_ci NOT NULL,
  `city` varchar(191) COLLATE utf8mb4_unicode_ci NOT NULL,
  `state` varchar(191) COLLATE utf8mb4_unicode_ci DEFAULT NULL,
  `postal_code` varchar(191) COLLATE utf8mb4_unicode_ci DEFAULT NULL,
  `country` varchar(191) COLLATE utf8mb4_unicode_ci DEFAULT NULL,
  `is_active` tinyint(1) DEFAULT NULL,
  `created_at` timestamp NULL DEFAULT NULL,
  `updated_at` timestamp NULL DEFAULT NULL,
  PRIMARY KEY (`id`)
) ENGINE=InnoDB DEFAULT CHARSET=utf8mb4 COLLATE=utf8mb4_unicode_ci;
/*!40101 SET character_set_client = @saved_cs_client */;

--
-- Dumping data for table `suppliers`
--

LOCK TABLES `suppliers` WRITE;
/*!40000 ALTER TABLE `suppliers` DISABLE KEYS */;
/*!40000 ALTER TABLE `suppliers` ENABLE KEYS */;
UNLOCK TABLES;

--
-- Table structure for table `taxes`
--

DROP TABLE IF EXISTS `taxes`;
/*!40101 SET @saved_cs_client     = @@character_set_client */;
/*!40101 SET character_set_client = utf8 */;
CREATE TABLE `taxes` (
  `id` int(10) unsigned NOT NULL AUTO_INCREMENT,
  `name` varchar(191) COLLATE utf8mb4_unicode_ci NOT NULL,
  `rate` double NOT NULL,
  `is_active` tinyint(1) DEFAULT NULL,
  `created_at` timestamp NULL DEFAULT NULL,
  `updated_at` timestamp NULL DEFAULT NULL,
  PRIMARY KEY (`id`)
) ENGINE=InnoDB DEFAULT CHARSET=utf8mb4 COLLATE=utf8mb4_unicode_ci;
/*!40101 SET character_set_client = @saved_cs_client */;

--
-- Dumping data for table `taxes`
--

LOCK TABLES `taxes` WRITE;
/*!40000 ALTER TABLE `taxes` DISABLE KEYS */;
/*!40000 ALTER TABLE `taxes` ENABLE KEYS */;
UNLOCK TABLES;

--
-- Table structure for table `tickets`
--

DROP TABLE IF EXISTS `tickets`;
/*!40101 SET @saved_cs_client     = @@character_set_client */;
/*!40101 SET character_set_client = utf8 */;
CREATE TABLE `tickets` (
  `id` int(10) unsigned NOT NULL AUTO_INCREMENT,
  `user_id` int(10) unsigned NOT NULL,
  `category_id` int(10) unsigned NOT NULL,
  `ticket_id` varchar(191) COLLATE utf8mb4_unicode_ci NOT NULL,
  `title` varchar(191) COLLATE utf8mb4_unicode_ci NOT NULL,
  `priority` varchar(191) COLLATE utf8mb4_unicode_ci NOT NULL,
  `message` text COLLATE utf8mb4_unicode_ci NOT NULL,
  `status` varchar(191) COLLATE utf8mb4_unicode_ci NOT NULL,
  `created_at` timestamp NULL DEFAULT NULL,
  `updated_at` timestamp NULL DEFAULT NULL,
  PRIMARY KEY (`id`),
  UNIQUE KEY `tickets_ticket_id_unique` (`ticket_id`)
) ENGINE=InnoDB AUTO_INCREMENT=10 DEFAULT CHARSET=utf8mb4 COLLATE=utf8mb4_unicode_ci;
/*!40101 SET character_set_client = @saved_cs_client */;

--
-- Dumping data for table `tickets`
--

LOCK TABLES `tickets` WRITE;
/*!40000 ALTER TABLE `tickets` DISABLE KEYS */;
INSERT INTO `tickets` VALUES (8,39,1,'tck-mabougrine-110922-183848','livraison','medium','slm','1','2022-09-11 16:38:48','2022-09-11 16:38:48'),(9,35,2,'tck-nouh-110922-184425','Hhhhh','high','Hhhgsaghj','1','2022-09-11 16:44:25','2022-09-11 16:44:25');
/*!40000 ALTER TABLE `tickets` ENABLE KEYS */;
UNLOCK TABLES;

--
-- Table structure for table `transfers`
--

DROP TABLE IF EXISTS `transfers`;
/*!40101 SET @saved_cs_client     = @@character_set_client */;
/*!40101 SET character_set_client = utf8 */;
CREATE TABLE `transfers` (
  `id` int(10) unsigned NOT NULL AUTO_INCREMENT,
  `reference_no` varchar(191) COLLATE utf8mb4_unicode_ci NOT NULL,
  `user_id` int(11) NOT NULL,
  `status` int(11) NOT NULL,
  `from_warehouse_id` int(11) NOT NULL,
  `to_warehouse_id` int(11) NOT NULL,
  `item` int(11) NOT NULL,
  `total_qty` double NOT NULL,
  `total_tax` double NOT NULL,
  `total_cost` double NOT NULL,
  `shipping_cost` double DEFAULT NULL,
  `grand_total` double NOT NULL,
  `document` varchar(191) COLLATE utf8mb4_unicode_ci DEFAULT NULL,
  `note` text COLLATE utf8mb4_unicode_ci,
  `created_at` timestamp NULL DEFAULT NULL,
  `updated_at` timestamp NULL DEFAULT NULL,
  PRIMARY KEY (`id`)
) ENGINE=InnoDB DEFAULT CHARSET=utf8mb4 COLLATE=utf8mb4_unicode_ci;
/*!40101 SET character_set_client = @saved_cs_client */;

--
-- Dumping data for table `transfers`
--

LOCK TABLES `transfers` WRITE;
/*!40000 ALTER TABLE `transfers` DISABLE KEYS */;
/*!40000 ALTER TABLE `transfers` ENABLE KEYS */;
UNLOCK TABLES;

--
-- Table structure for table `units`
--

DROP TABLE IF EXISTS `units`;
/*!40101 SET @saved_cs_client     = @@character_set_client */;
/*!40101 SET character_set_client = utf8 */;
CREATE TABLE `units` (
  `id` int(10) unsigned NOT NULL AUTO_INCREMENT,
  `unit_code` varchar(191) COLLATE utf8mb4_unicode_ci NOT NULL,
  `unit_name` varchar(191) COLLATE utf8mb4_unicode_ci NOT NULL,
  `base_unit` int(11) DEFAULT NULL,
  `operator` varchar(191) COLLATE utf8mb4_unicode_ci DEFAULT NULL,
  `operation_value` double DEFAULT NULL,
  `is_active` tinyint(1) DEFAULT NULL,
  `created_at` timestamp NULL DEFAULT NULL,
  `updated_at` timestamp NULL DEFAULT NULL,
  PRIMARY KEY (`id`)
) ENGINE=InnoDB AUTO_INCREMENT=2 DEFAULT CHARSET=utf8mb4 COLLATE=utf8mb4_unicode_ci;
/*!40101 SET character_set_client = @saved_cs_client */;

--
-- Dumping data for table `units`
--

LOCK TABLES `units` WRITE;
/*!40000 ALTER TABLE `units` DISABLE KEYS */;
INSERT INTO `units` VALUES (1,'pce','Pièce',NULL,'*',1,1,'2022-05-11 07:19:23','2022-05-11 07:19:23');
/*!40000 ALTER TABLE `units` ENABLE KEYS */;
UNLOCK TABLES;

--
-- Table structure for table `users`
--

DROP TABLE IF EXISTS `users`;
/*!40101 SET @saved_cs_client     = @@character_set_client */;
/*!40101 SET character_set_client = utf8 */;
CREATE TABLE `users` (
  `id` int(10) unsigned NOT NULL AUTO_INCREMENT,
  `name` varchar(191) COLLATE utf8mb4_unicode_ci NOT NULL,
  `first_name` varchar(191) COLLATE utf8mb4_unicode_ci NOT NULL,
  `last_name` varchar(191) COLLATE utf8mb4_unicode_ci NOT NULL,
  `email` varchar(191) COLLATE utf8mb4_unicode_ci NOT NULL,
  `rib` varchar(191) COLLATE utf8mb4_unicode_ci DEFAULT NULL,
  `bank_name` varchar(191) COLLATE utf8mb4_unicode_ci DEFAULT NULL,
  `password` varchar(191) COLLATE utf8mb4_unicode_ci NOT NULL,
  `remember_token` varchar(100) COLLATE utf8mb4_unicode_ci DEFAULT NULL,
  `phone` varchar(191) COLLATE utf8mb4_unicode_ci NOT NULL,
  `company_name` varchar(191) COLLATE utf8mb4_unicode_ci DEFAULT NULL,
  `role_id` int(11) NOT NULL,
  `biller_id` int(11) DEFAULT NULL,
  `warehouse_id` int(11) DEFAULT NULL,
  `discount` varchar(191) COLLATE utf8mb4_unicode_ci NOT NULL DEFAULT '0',
  `is_active` tinyint(1) NOT NULL,
  `is_deleted` tinyint(1) NOT NULL,
  `created_at` timestamp NULL DEFAULT NULL,
  `updated_at` timestamp NULL DEFAULT NULL,
  PRIMARY KEY (`id`)
) ENGINE=InnoDB AUTO_INCREMENT=56 DEFAULT CHARSET=utf8mb4 COLLATE=utf8mb4_unicode_ci;
/*!40101 SET character_set_client = @saved_cs_client */;

--
-- Dumping data for table `users`
--

LOCK TABLES `users` WRITE;
/*!40000 ALTER TABLE `users` DISABLE KEYS */;
INSERT INTO `users` VALUES (1,'Tarik','tarik','boukjij','tarik.engineering@gmail.com','3200009233890588399028340','AL BARID BANK','$2y$10$HPt3Go.HX8PKm/9Tuh2h5uaW3yIVnf5qu9y.aWIv85AVZJbUU0slG','n83nLK84Yiepr1FNZCEK1BtXf3WSjKcEXmEsJpKl0jVqnNfWYUbaGrqIR9JT','0689385061','T@R!K',1,NULL,NULL,'10',1,0,'2018-06-02 03:24:15','2022-09-20 23:05:39'),(23,'Vendeur','vendeur','vendeur','vendeur@yovente.com','42084724572057208572457','ATTIJARI WAFA BANK','$2y$10$ZpJbd7m8PzYsUguYOjJJzu9oE7YO/Z.9bB2HyVBR5PBew8XCoPBRW',NULL,'0633333333',NULL,4,NULL,NULL,'0',0,1,'2022-01-07 21:35:45','2022-08-23 20:45:32'),(24,'Salma','salma','boukjijma','salma@yovente.com','','','$2y$10$0e2hSyrAl2X1W2XqAdnvUOVGLPK8f8xZmLhT8ItTYdqedqe2VcJbq',NULL,'0611111111','Salma Company',5,NULL,NULL,'0',0,1,'2022-01-15 20:13:17','2022-01-30 19:00:17'),(25,'rim','rim','boukjijm','rim@yovente.com','','','$2y$10$u6iuPGz6DHP5EVI0BGWsjOcVYKAQ4jbHTYhrwd/x23RLlrru5qPTK',NULL,'0622222222','Rim Company',5,NULL,NULL,'0',0,1,'2022-01-30 18:57:46','2022-01-30 19:00:03'),(26,'Vendeur1','vendeur1','vendeur1','vendeur1@yovente.com','','','$2y$10$Gk1VagRoo0AFv8xsZlOeT.4KEIu6um10ClY89DLokWCA1moANi3D2',NULL,'0688888888',NULL,4,NULL,NULL,'0',0,1,'2022-01-30 21:55:39','2022-04-05 17:54:45'),(27,'faty1','faty','boukjijf','faty1@yovente.com','','','$2y$10$7vuIzRDHIpcCdYGEXwc/beOVE6R9/jdlI79Cj/1Hbf.x.Wy8cnJAO',NULL,'0612121212',NULL,4,NULL,NULL,'0',0,1,'2022-01-31 11:19:52','2022-04-05 17:54:45'),(28,'nejjar','fatima ezzahra','nejjar','nejjar@yovente.com',NULL,NULL,'$2y$10$1vFI/whJVJENEzQFeS/7DekOnRkUK/UuZzGUq0rEHGdIYnBsmm3fy',NULL,'0615914789',NULL,4,NULL,NULL,'0',0,1,'2022-02-09 20:06:27','2022-02-09 20:06:45'),(29,'nejjar','fatima ezzahra','nejjar','nejjar@yovente.com',NULL,NULL,'$2y$10$gN9XZ6W9/fF9I94FQcwVK.sG0tgtoX2F5kp8CA7JMyfFw.uRJUp0K',NULL,'0612345678',NULL,1,NULL,NULL,'0',0,1,'2022-02-09 20:07:20','2022-04-05 17:54:45'),(30,'noure','Bougteba','Noureddine','noure@yovente.com',NULL,NULL,'$2y$10$k1Lv9.BC3ekllPTg2/mmuO3g43RgXDkMu29hpFomgRudsaiuQEWc.',NULL,'0660397499','Yovente S.A.R.L',1,NULL,NULL,'0',1,0,'2022-04-05 17:56:19','2022-04-05 17:56:29'),(31,'Yasmin','Yasmin','Bougteba','yasmin@gmail.com',NULL,NULL,'$2y$10$FYRiFZlcbcx1GFZ88QLSt.PS3bMLAHlTo8wfhYNBMptJULWCCcqju',NULL,'0660397499','Nour1',4,NULL,NULL,'0',0,1,'2022-04-05 23:48:27','2022-08-23 20:45:15'),(32,'Yasmin','Yasmin','Bougteba','fes2868@gmail.com',NULL,NULL,'$2y$10$g3/2fV/XkfE/lGprrJsb4eFXHdyKfEGPo5Ivi6dJYwLm/POht2wpC',NULL,'0642564550','Yasmin',4,NULL,NULL,'0',0,1,'2022-08-23 20:47:13','2022-08-23 20:57:26'),(33,'Nourehijab','Yassmine','Bougteba','fes2868@gmail.com',NULL,NULL,'$2y$10$jKZQ7JuGr4fHfzIbitthQOPpem52R80UrZFNxmQXO.bkIL.UwO0ji',NULL,'0642564550','Noureddine',4,NULL,NULL,'0',1,0,'2022-08-23 21:00:57','2022-08-28 15:06:23'),(34,'Nour','Noureddine','Nour','noure.bgt@gmail.com',NULL,NULL,'$2y$10$cfeQFTHPyHZ/bRIOsiVcGOqFk7HPQl0/j4e5mTskIMYTOOyqJ/e6a',NULL,'0660397499',NULL,4,NULL,NULL,'0',1,0,'2022-08-24 19:43:28','2022-08-24 19:46:32'),(35,'Nouh','Nouh','Bgt','nouh@gmail.com',NULL,NULL,'$2y$10$HQbNEmmHU4CXe9Stb9XBheBIZeY9V0jlYul6mia2c20Ogif3ZNdZu',NULL,'0666666666',NULL,4,NULL,NULL,'0',1,0,'2022-08-25 14:09:45','2022-08-25 14:10:06'),(36,'Lina','Abderrahim','Bouabaid','19892004.bo@gmail.com',NULL,NULL,'$2y$10$4X8iWbvyJAHfeuha.qnYSOPMQF3UfvIxbFUlwZzEm9oOLMi473yly',NULL,'0621036790',NULL,4,NULL,NULL,'0',1,0,'2022-08-27 17:49:35','2022-08-27 17:49:54'),(37,'Ghez','AMINE','EL GHEZAOUY','maeg1989@gmail.com',NULL,NULL,'$2y$10$MtR0zC09ggKImQUWj9PvVe.34s1Fgp6jpoQG51pbLWhQHonBwSooC',NULL,'0666194243',NULL,4,NULL,NULL,'0',1,0,'2022-09-02 20:03:46','2022-09-02 20:04:16'),(38,'IMRANE','IMRANE','BGT','IMRANE@GMAIL.COM',NULL,NULL,'$2y$10$sVqOzj/S5vGIj4OQw4LY3.bYBkMKspXS860PjVnMdrsffRpEiBIi6',NULL,'0660397499',NULL,4,NULL,NULL,'0',0,0,'2022-09-10 08:01:55','2022-09-10 08:01:55'),(39,'mabougrine','Majda','Bougrine','bougrinemajda00@gmail.com',NULL,NULL,'$2y$10$8JQFKihFUXftA3yYTKawrOC/POGqtZqGI6p5dkRgnDrC465X2L7Dq',NULL,'0707402655',NULL,4,NULL,NULL,'0',1,0,'2022-09-10 15:10:32','2022-09-10 15:11:03'),(40,'EZZAHRAE','FATIMAZAHRAE','DR','FATIMAZAHRADARRAA7@GMAIL.COM',NULL,NULL,'$2y$10$29n/0r1eM2eCtb.j9g00mOqnX2jUJjODtsEe85v.RiH3L0.BLJ4Eu',NULL,'0602240675',NULL,4,NULL,NULL,'0',1,0,'2022-09-11 14:55:29','2022-09-11 14:55:46'),(41,'YAMANI','KHADIJA','YAMANI','OMJANNAT1@GMAIL.COM',NULL,NULL,'$2y$10$3P96TLlrjXvk9eSiWfFZP.9PAr9LOmn7U.s1jQYhMHeXgLDDy2k0a',NULL,'0699288141',NULL,4,NULL,NULL,'0',1,0,'2022-09-11 15:40:11','2022-09-11 15:40:30'),(42,'HDR','HANAE','HADIRI','HANAE.HADIRI@GMAIL.COM',NULL,NULL,'$2y$10$HQfAdYAsE/YNIjHpGsyVme.t6Z4cekKgoF7aoUeRRUXJ5IE7XOnT2',NULL,'0608097071',NULL,4,NULL,NULL,'0',1,0,'2022-09-11 15:49:19','2022-09-11 15:49:40'),(43,'Yahya','Yahya','Nali','Yahya.nali1999@gmail.com',NULL,NULL,'$2y$10$dKLOW7M3bkn7zJAE/6yzIOIHYDO2OpoP90/fUE9RDsiieTt62bYGS',NULL,'0624085525',NULL,4,NULL,NULL,'0',1,0,'2022-09-11 21:37:36','2022-09-11 21:37:52'),(44,'Hamed','Zakariae','Hamed','anazakariae@gmail.com',NULL,NULL,'$2y$10$cZWaLo9fpYife4VC9t../.Dd/x6vVDxg0jpj.7oYk9m1cm.ge6OVS',NULL,'0660512626',NULL,4,NULL,NULL,'0',1,0,'2022-09-12 07:19:08','2022-09-12 07:19:45'),(45,'Tchioucha','Tarik','Tchioucha','tarik@gmail.com',NULL,NULL,'$2y$10$49mYunYrOUJd6tSQrVzEbuYDbfwKt0JB2Xuss.wknv9XYT/3dJ3q2',NULL,'0636838835',NULL,4,NULL,NULL,'0',1,0,'2022-09-12 08:33:27','2022-09-12 08:33:42'),(46,'Elgharibi','Lahcen','El Gharibi','gharibilahcen@gmail.com',NULL,NULL,'$2y$10$tH5Dt8VyN1HTTslEIiZD1e.idaSfoKwc74VW8htxFCzEZvUC2g/pO',NULL,'0608100523',NULL,4,NULL,NULL,'0',1,0,'2022-09-12 08:44:44','2022-09-12 08:45:04'),(47,'Arf','Mohsin','Arfaoui','arf@produit.com',NULL,NULL,'$2y$10$Mjx8slzcUhPVgS3x.N.tVOLLzEAh6k.0EuuBFZUKlRWvXzuaOrLF6',NULL,'0660397499',NULL,6,NULL,NULL,'0',0,1,'2022-09-12 20:57:01','2022-09-17 16:55:30'),(48,'Ezzetouni','Noureddine','Ezzetouni','noureddineezzetouni@gmail.com',NULL,NULL,'$2y$10$c6VGQUmbuiUBOExp7PNqyet4VSkcDbix7GdAbN34D4eBVjb0tacda',NULL,'0679752339',NULL,4,NULL,NULL,'0',1,0,'2022-09-13 12:32:14','2022-09-13 12:32:33'),(49,'Laamim','Khalid','Laamim','kalda880@gmail.com',NULL,NULL,'$2y$10$LwQy1VrS6ZichLRJ2ZDFQe9NNV0cT.S7DUu8doqFlOw58oYcnXLj6',NULL,'0602481516',NULL,4,NULL,NULL,'0',1,0,'2022-09-14 08:02:46','2022-09-14 08:03:02'),(50,'GHZAOUI','AYOUBE','EL GHZAOUI','GHZAOUI@GMAIL.COM',NULL,NULL,'$2y$10$ERLmfc/2Bz2jxa1tfrETEePYHyODCcZkrVEfm029oP5sL.mXcGZV6',NULL,'06445235324',NULL,4,NULL,NULL,'0',1,0,'2022-09-14 12:58:28','2022-09-14 12:58:47'),(51,'ARFAOUI','MOHSINE','EL ARFAOUI','ELARFAOUI.MOHSINE@GMAIL.COM',NULL,NULL,'$2y$10$.3bh4/RFTBn.Sza8xqQtz.iVco.KSMAib9z2SWHRJSCaFHsxljRpK',NULL,'0699727824',NULL,6,NULL,NULL,'0',1,0,'2022-09-17 16:57:14','2022-09-17 17:00:27'),(52,'Abbeid','Mohammed','Abbeid','neotvprobox@gmail.com',NULL,NULL,'$2y$10$K2il9uZuWvqkEkDywIdryujhONweDRXwVY5.mjFBx0erjU47IzpcO',NULL,'0648869447',NULL,4,NULL,NULL,'0',1,0,'2022-09-19 08:51:07','2022-09-19 08:53:32'),(53,'Agougil','Hassan','Agougil','hassan.agougil@gmail.com',NULL,NULL,'$2y$10$N.QU8uGNZ6vpQa06G/hqYui84Lto/vHHQfq3b4341tVUEj.3Jw8cC',NULL,'0627657519',NULL,4,NULL,NULL,'0',1,0,'2022-09-19 09:04:20','2022-09-19 09:04:41'),(54,'rachid','Rachid','Lahbil','test@test.com',NULL,NULL,'$2y$10$Fv3vgqeLymX9hd2UDbfI7eN1Tdq7siy6ujrRJl7jlGMCILZDs05Sm',NULL,'0689385061',NULL,4,NULL,NULL,'10',0,1,'2022-09-20 22:49:35','2022-09-20 23:04:43'),(55,'Abaya','طارق بوقجيج','بو قجيج','tarik.engineering11@gmail.com',NULL,NULL,'$2y$10$kMEllYr2bud2AqKTZ2jCxOogJMDQ8biIReJs0VyC7dIvjlAQtQg4.',NULL,'+212689385061',NULL,4,NULL,NULL,'0',0,1,'2022-09-20 23:03:47','2022-09-20 23:04:31');
/*!40000 ALTER TABLE `users` ENABLE KEYS */;
UNLOCK TABLES;

--
-- Table structure for table `variants`
--

DROP TABLE IF EXISTS `variants`;
/*!40101 SET @saved_cs_client     = @@character_set_client */;
/*!40101 SET character_set_client = utf8 */;
CREATE TABLE `variants` (
  `id` int(10) unsigned NOT NULL AUTO_INCREMENT,
  `name` varchar(191) COLLATE utf8mb4_unicode_ci NOT NULL,
  `created_at` timestamp NULL DEFAULT NULL,
  `updated_at` timestamp NULL DEFAULT NULL,
  PRIMARY KEY (`id`)
) ENGINE=InnoDB AUTO_INCREMENT=5 DEFAULT CHARSET=utf8mb4 COLLATE=utf8mb4_unicode_ci;
/*!40101 SET character_set_client = @saved_cs_client */;

--
-- Dumping data for table `variants`
--

LOCK TABLES `variants` WRITE;
/*!40000 ALTER TABLE `variants` DISABLE KEYS */;
INSERT INTO `variants` VALUES (1,'M','2022-05-11 07:21:39','2022-05-11 07:21:39'),(2,'L','2022-05-11 07:21:39','2022-05-11 07:21:39'),(3,'XL','2022-05-11 07:21:39','2022-08-26 15:02:24'),(4,'XXL','2022-05-11 07:21:40','2022-05-11 07:21:40');
/*!40000 ALTER TABLE `variants` ENABLE KEYS */;
UNLOCK TABLES;

--
-- Table structure for table `warehouses`
--

DROP TABLE IF EXISTS `warehouses`;
/*!40101 SET @saved_cs_client     = @@character_set_client */;
/*!40101 SET character_set_client = utf8 */;
CREATE TABLE `warehouses` (
  `id` int(10) unsigned NOT NULL AUTO_INCREMENT,
  `name` varchar(191) COLLATE utf8mb4_unicode_ci NOT NULL,
  `phone` varchar(191) COLLATE utf8mb4_unicode_ci DEFAULT NULL,
  `email` varchar(191) COLLATE utf8mb4_unicode_ci DEFAULT NULL,
  `address` text COLLATE utf8mb4_unicode_ci NOT NULL,
  `is_active` tinyint(1) DEFAULT NULL,
  `created_at` timestamp NULL DEFAULT NULL,
  `updated_at` timestamp NULL DEFAULT NULL,
  PRIMARY KEY (`id`)
) ENGINE=InnoDB AUTO_INCREMENT=3 DEFAULT CHARSET=utf8mb4 COLLATE=utf8mb4_unicode_ci;
/*!40101 SET character_set_client = @saved_cs_client */;

--
-- Dumping data for table `warehouses`
--

LOCK TABLES `warehouses` WRITE;
/*!40000 ALTER TABLE `warehouses` DISABLE KEYS */;
INSERT INTO `warehouses` VALUES (1,'Benslimane','0600000000',NULL,'Benslimane\r\nMaroc',1,'2022-05-11 07:25:03','2022-05-11 07:25:03'),(2,'Casablanca','0611111111',NULL,'Casablanca\r\nMarco',1,'2022-05-11 07:30:25','2022-05-11 07:30:25');
/*!40000 ALTER TABLE `warehouses` ENABLE KEYS */;
UNLOCK TABLES;

--
-- Table structure for table `withdrawals`
--

DROP TABLE IF EXISTS `withdrawals`;
/*!40101 SET @saved_cs_client     = @@character_set_client */;
/*!40101 SET character_set_client = utf8 */;
CREATE TABLE `withdrawals` (
  `id` int(10) unsigned NOT NULL AUTO_INCREMENT,
  `reference_no` varchar(191) COLLATE utf8mb4_unicode_ci NOT NULL,
  `user_id` int(11) NOT NULL,
  `withdraw_amount` varchar(191) COLLATE utf8mb4_unicode_ci NOT NULL,
  `withdraw_note` text COLLATE utf8mb4_unicode_ci,
  `is_valide` tinyint(1) DEFAULT NULL,
  `is_paid` tinyint(1) DEFAULT NULL,
  `created_at` timestamp NULL DEFAULT NULL,
  `updated_at` timestamp NULL DEFAULT NULL,
  PRIMARY KEY (`id`)
) ENGINE=InnoDB AUTO_INCREMENT=24 DEFAULT CHARSET=utf8mb4 COLLATE=utf8mb4_unicode_ci;
/*!40101 SET character_set_client = @saved_cs_client */;

--
-- Dumping data for table `withdrawals`
--

LOCK TABLES `withdrawals` WRITE;
/*!40000 ALTER TABLE `withdrawals` DISABLE KEYS */;
INSERT INTO `withdrawals` VALUES (13,'retrait-mabougrine-220910-180504',39,'150',NULL,1,1,'2022-09-10 16:09:35','2022-09-10 16:11:43'),(14,'retrait-nouh-220911-232506',35,'100',NULL,1,1,'2022-09-11 21:25:18','2022-09-11 21:26:20'),(15,'retrait-nouh-220911-232506',35,'100',NULL,1,1,'2022-09-11 21:25:38','2022-09-11 21:26:27'),(17,'retrait-nouh-220911-235841',35,'100',NULL,1,1,'2022-09-11 21:58:52','2022-09-11 22:02:17'),(18,'retrait-nouh-220912-000031',35,'400',NULL,1,1,'2022-09-11 22:00:52','2022-09-11 22:02:21'),(19,'retrait-nouh-220912-000052',35,'100','Hnssjsj000000',1,1,'2022-09-11 22:01:08','2022-09-11 22:02:26'),(20,'retrait-nouh-220912-084531',35,'200','96158581)1/1&783',1,1,'2022-09-12 06:46:17','2022-09-12 20:40:57'),(21,'retrait-elgharibi-220912-105510',46,'150','Gzyjy',1,1,'2022-09-12 08:55:37','2022-09-12 08:56:19'),(22,'retrait-nouh-220916-161745',35,'500',NULL,1,1,'2022-09-16 14:18:21','2022-09-17 06:43:38'),(23,'retrait-abbeid-220919-110943',52,'300',NULL,1,1,'2022-09-19 09:10:45','2022-09-19 09:11:18');
/*!40000 ALTER TABLE `withdrawals` ENABLE KEYS */;
UNLOCK TABLES;
/*!40103 SET TIME_ZONE=@OLD_TIME_ZONE */;

/*!40101 SET SQL_MODE=@OLD_SQL_MODE */;
/*!40014 SET FOREIGN_KEY_CHECKS=@OLD_FOREIGN_KEY_CHECKS */;
/*!40014 SET UNIQUE_CHECKS=@OLD_UNIQUE_CHECKS */;
/*!40101 SET CHARACTER_SET_CLIENT=@OLD_CHARACTER_SET_CLIENT */;
/*!40101 SET CHARACTER_SET_RESULTS=@OLD_CHARACTER_SET_RESULTS */;
/*!40101 SET COLLATION_CONNECTION=@OLD_COLLATION_CONNECTION */;
/*!40111 SET SQL_NOTES=@OLD_SQL_NOTES */;

-- Dump completed on 2022-09-21  1:10:37
